idtyp,idsubj,sequencePC,period,belief,contribution,subject,idsess,group,otherscontrib,b0,b1,b2,b3,b4,b5,b6,b7,b8,b9,b10,b11,b12,b13,b14,b15,b16,b17,b18,b19,b20,u,predictedcontribution,half
1,101,1,1,18,18,1,1,1,11,0,1,2,3,4,5,6,7,8,9,10,11,12,15,20,20,20,20,20,20,20,20,20,1
3,113,1,1,12,13,13,1,1,12,0,0,0,1,2,3,4,5,7,8,9,9,10,11,12,14,15,15,0,0,0,10,10,1
3,117,1,1,12,14,17,1,1,12,0,1,1,2,2,2,2,3,3,3,3,3,4,4,4,3,2,1,1,0,0,18,4,1
1,114,1,1,8,5,14,1,1,15,0,3,3,3,5,5,5,5,6,6,6,6,6,6,6,6,6,6,6,6,20,5,6,1
1,116,1,2,5,4,16,1,1,13,0,0,0,1,1,1,2,2,2,3,3,3,4,4,4,5,5,5,6,6,6,1,1,1
1,108,1,2,10,10,8,1,1,11,0,0,0,2,4,5,5,5,5,10,12,13,15,13,12,10,10,6,6,6,6,12,12,1
2,120,1,2,8,20,20,1,1,8,0,0,0,0,0,0,0,0,0,0,0,0,0,0,0,0,0,0,0,0,0,20,0,1
3,105,1,2,11,10,5,1,1,11,0,0,0,1,2,2,2,3,3,3,3,4,4,3,3,2,2,1,1,0,0,10,4,1
1,108,1,3,11,6,8,1,1,12,0,0,0,2,4,5,5,5,5,10,12,13,15,13,12,10,10,6,6,6,6,12,13,1
2,120,1,3,9,10,20,1,1,10,0,0,0,0,0,0,0,0,0,0,0,0,0,0,0,0,0,0,0,0,0,20,0,1
3,117,1,3,11,12,17,1,1,10,0,1,1,2,2,2,2,3,3,3,3,3,4,4,4,3,2,1,1,0,0,18,3,1
3,113,1,3,13,13,13,1,1,9,0,0,0,1,2,3,4,5,7,8,9,9,10,11,12,14,15,15,0,0,0,10,11,1
1,110,1,4,10,10,10,1,1,8,0,0,2,2,3,5,6,7,8,9,10,11,12,13,14,15,16,17,18,19,20,20,10,1
1,109,1,4,7,5,9,1,1,10,0,1,2,3,4,5,6,7,8,9,10,11,12,13,14,15,16,17,18,19,20,15,7,1
1,118,1,4,3,20,18,1,1,5,0,0,0,0,0,5,5,5,5,5,5,10,10,10,10,10,10,5,5,5,5,20,0,1
2,123,1,4,6,0,23,1,1,12,0,0,0,0,0,0,0,0,0,0,0,0,0,0,0,0,0,0,0,0,0,10,0,1
1,101,1,5,17,20,1,1,1,8,0,1,2,3,4,5,6,7,8,9,10,11,12,15,20,20,20,20,20,20,20,20,20,1
3,117,1,5,12,2,17,1,1,14,0,1,1,2,2,2,2,3,3,3,3,3,4,4,4,3,2,1,1,0,0,18,4,1
2,120,1,5,10,12,20,1,1,11,0,0,0,0,0,0,0,0,0,0,0,0,0,0,0,0,0,0,0,0,0,20,0,1
2,123,1,5,9,10,23,1,1,11,0,0,0,0,0,0,0,0,0,0,0,0,0,0,0,0,0,0,0,0,0,10,0,1
1,110,1,6,5,5,10,1,1,2,0,0,2,2,3,5,6,7,8,9,10,11,12,13,14,15,16,17,18,19,20,20,5,2
1,122,1,6,6,6,22,1,1,2,0,1,2,3,4,5,6,7,8,9,10,11,12,13,14,15,16,17,18,19,20,15,6,2
2,104,1,6,7,0,4,1,1,4,0,0,0,0,0,0,0,0,0,0,0,0,0,0,0,0,0,0,0,0,0,0,0,2
3,107,1,6,11,0,7,1,1,4,0,1,2,0,0,0,0,0,0,0,0,0,0,0,0,0,0,0,0,0,0,20,0,2
3,119,1,7,6,0,19,1,1,0,0,0,0,1,1,2,2,2,2,3,3,3,4,4,4,2,2,1,1,0,0,4,2,2
2,102,1,7,6,0,2,1,1,0,0,0,0,0,0,0,0,0,0,0,0,0,0,0,0,0,0,0,0,0,0,0,0,2
2,112,1,7,4,0,12,1,1,0,0,0,0,0,0,0,0,0,0,0,0,0,0,0,0,0,0,0,0,0,0,0,0,2
3,105,1,7,7,1,5,1,1,0,0,0,0,1,2,2,2,3,3,3,3,4,4,3,3,2,2,1,1,0,0,10,3,2
3,105,1,8,5,0,5,1,1,2,0,0,0,1,2,2,2,3,3,3,3,4,4,3,3,2,2,1,1,0,0,10,2,2
1,114,1,8,7,5,14,1,1,1,0,3,3,3,5,5,5,5,6,6,6,6,6,6,6,6,6,6,6,6,20,5,5,2
3,113,1,8,3,2,13,1,1,2,0,0,0,1,2,3,4,5,7,8,9,9,10,11,12,14,15,15,0,0,0,10,1,2
2,112,1,8,2,0,12,1,1,2,0,0,0,0,0,0,0,0,0,0,0,0,0,0,0,0,0,0,0,0,0,0,0,2
2,120,1,9,0,0,20,1,1,3,0,0,0,0,0,0,0,0,0,0,0,0,0,0,0,0,0,0,0,0,0,20,0,2
2,112,1,9,2,0,12,1,1,3,0,0,0,0,0,0,0,0,0,0,0,0,0,0,0,0,0,0,0,0,0,0,0,2
1,103,1,9,1,0,3,1,1,3,0,2,3,4,5,6,7,8,9,10,11,12,13,14,15,16,17,18,19,20,20,5,2,2
1,108,1,9,6,8,8,1,1,0,0,0,0,2,4,5,5,5,5,10,12,13,15,13,12,10,10,6,6,6,6,12,5,2
1,106,1,10,0,0,6,1,1,0,0,1,1,1,1,1,1,1,1,1,1,1,1,1,1,1,1,1,1,1,1,1,0,2
1,124,1,10,2,0,24,1,1,0,0,0,0,0,0,1,1,1,1,1,2,2,2,2,2,3,3,3,3,3,5,10,0,2
2,112,1,10,2,0,12,1,1,0,0,0,0,0,0,0,0,0,0,0,0,0,0,0,0,0,0,0,0,0,0,0,0,2
3,119,1,10,1,0,19,1,1,0,0,0,0,1,1,2,2,2,2,3,3,3,4,4,4,2,2,1,1,0,0,4,0,2
1,103,1,1,8,5,3,1,2,4,0,2,3,4,5,6,7,8,9,10,11,12,13,14,15,16,17,18,19,20,20,5,9,1
1,116,1,1,5,3,16,1,2,5,0,0,0,1,1,1,2,2,2,3,3,3,4,4,4,5,5,5,6,6,6,1,1,1
2,112,1,1,4,0,12,1,2,6,0,0,0,0,0,0,0,0,0,0,0,0,0,0,0,0,0,0,0,0,0,0,0,1
2,111,1,1,6,10,11,1,2,3,0,0,0,0,0,0,0,0,0,0,0,0,0,0,0,0,0,0,0,0,0,0,0,1
3,117,1,2,12,14,17,1,2,11,0,1,1,2,2,2,2,3,3,3,3,3,4,4,4,3,2,1,1,0,0,18,4,1
1,124,1,2,10,0,24,1,2,16,0,0,0,0,0,1,1,1,1,1,2,2,2,2,2,3,3,3,3,3,5,10,2,1
2,102,1,2,3,20,2,1,2,9,0,0,0,0,0,0,0,0,0,0,0,0,0,0,0,0,0,0,0,0,0,0,0,1
3,113,1,2,14,14,13,1,2,11,0,0,0,1,2,3,4,5,7,8,9,9,10,11,12,14,15,15,0,0,0,10,12,1
3,107,1,3,11,0,7,1,2,5,0,1,2,0,0,0,0,0,0,0,0,0,0,0,0,0,0,0,0,0,0,20,0,1
1,109,1,3,8,8,9,1,2,2,0,1,2,3,4,5,6,7,8,9,10,11,12,13,14,15,16,17,18,19,20,15,8,1
2,102,1,3,3,0,2,1,2,5,0,0,0,0,0,0,0,0,0,0,0,0,0,0,0,0,0,0,0,0,0,0,0,1
1,121,1,3,5,7,21,1,2,3,0,0,0,0,0,5,6,7,8,9,10,11,12,13,14,15,16,17,18,19,20,0,5,1
1,106,1,4,8,13,6,1,2,7,0,1,1,1,1,1,1,1,1,1,1,1,1,1,1,1,1,1,1,1,1,1,1,1
1,101,1,4,5,5,1,1,2,10,0,1,2,3,4,5,6,7,8,9,10,11,12,15,20,20,20,20,20,20,20,20,5,1
2,111,1,4,6,10,11,1,2,8,0,0,0,0,0,0,0,0,0,0,0,0,0,0,0,0,0,0,0,0,0,0,0,1
1,108,1,4,12,6,8,1,2,9,0,0,0,2,4,5,5,5,5,10,12,13,15,13,12,10,10,6,6,6,6,12,15,1
1,103,1,5,8,8,3,1,2,0,0,2,3,4,5,6,7,8,9,10,11,12,13,14,15,16,17,18,19,20,20,5,9,1
1,115,1,5,3,1,15,1,2,3,0,0,1,1,2,3,3,4,5,5,6,7,8,9,10,12,12,13,15,19,20,7,1,1
1,124,1,5,6,0,24,1,2,3,0,0,0,0,0,1,1,1,1,1,2,2,2,2,2,3,3,3,3,3,5,10,1,1
2,112,1,5,8,0,12,1,2,3,0,0,0,0,0,0,0,0,0,0,0,0,0,0,0,0,0,0,0,0,0,0,0,1
1,101,1,6,10,10,1,1,2,2,0,1,2,3,4,5,6,7,8,9,10,11,12,15,20,20,20,20,20,20,20,20,10,2
2,123,1,6,8,0,23,1,2,5,0,0,0,0,0,0,0,0,0,0,0,0,0,0,0,0,0,0,0,0,0,10,0,2
1,114,1,6,7,5,14,1,2,4,0,3,3,3,5,5,5,5,6,6,6,6,6,6,6,6,6,6,6,6,20,5,5,2
1,106,1,6,5,1,6,1,2,5,0,1,1,1,1,1,1,1,1,1,1,1,1,1,1,1,1,1,1,1,1,1,1,2
2,120,1,7,8,0,20,1,2,12,0,0,0,0,0,0,0,0,0,0,0,0,0,0,0,0,0,0,0,0,0,20,0,2
1,101,1,7,16,15,1,1,2,7,0,1,2,3,4,5,6,7,8,9,10,11,12,15,20,20,20,20,20,20,20,20,20,2
1,115,1,7,1,0,15,1,2,12,0,0,1,1,2,3,3,4,5,5,6,7,8,9,10,12,12,13,15,19,20,7,0,2
1,118,1,7,4,20,18,1,2,5,0,0,0,0,0,5,5,5,5,5,5,10,10,10,10,10,10,5,5,5,5,20,0,2
1,116,1,8,2,0,16,1,2,4,0,0,0,1,1,1,2,2,2,3,3,3,4,4,4,5,5,5,6,6,6,1,0,2
1,121,1,8,6,8,21,1,2,2,0,0,0,0,0,5,6,7,8,9,10,11,12,13,14,15,16,17,18,19,20,0,6,2
1,110,1,8,4,0,10,1,2,4,0,0,2,2,3,5,6,7,8,9,10,11,12,13,14,15,16,17,18,19,20,20,3,2
1,109,1,8,2,5,9,1,2,3,0,1,2,3,4,5,6,7,8,9,10,11,12,13,14,15,16,17,18,19,20,15,2,2
3,105,1,9,3,0,5,1,2,9,0,0,0,1,2,2,2,3,3,3,3,4,4,3,3,2,2,1,1,0,0,10,1,2
1,118,1,9,2,20,18,1,2,3,0,0,0,0,0,5,5,5,5,5,5,10,10,10,10,10,10,5,5,5,5,20,0,2
1,101,1,9,12,8,1,1,2,7,0,1,2,3,4,5,6,7,8,9,10,11,12,15,20,20,20,20,20,20,20,20,12,2
1,124,1,9,1,0,24,1,2,9,0,0,0,0,0,1,1,1,1,1,2,2,2,2,2,3,3,3,3,3,5,10,0,2
1,121,1,10,4,0,21,1,2,0,0,0,0,0,0,5,6,7,8,9,10,11,12,13,14,15,16,17,18,19,20,0,0,2
1,109,1,10,2,0,9,1,2,0,0,1,2,3,4,5,6,7,8,9,10,11,12,13,14,15,16,17,18,19,20,15,2,2
3,113,1,10,1,0,13,1,2,0,0,0,0,1,2,3,4,5,7,8,9,9,10,11,12,14,15,15,0,0,0,10,0,2
2,104,1,10,4,0,4,1,2,0,0,0,0,0,0,0,0,0,0,0,0,0,0,0,0,0,0,0,0,0,0,0,0,2
1,110,1,1,11,15,10,1,3,8,0,0,2,2,3,5,6,7,8,9,10,11,12,13,14,15,16,17,18,19,20,20,11,1
1,115,1,1,3,3,15,1,3,12,0,0,1,1,2,3,3,4,5,5,6,7,8,9,10,12,12,13,15,19,20,7,1,1
1,118,1,1,13,20,18,1,3,6,0,0,0,0,0,5,5,5,5,5,5,10,10,10,10,10,10,5,5,5,5,20,10,1
1,106,1,1,7,1,6,1,3,13,0,1,1,1,1,1,1,1,1,1,1,1,1,1,1,1,1,1,1,1,1,1,1,1
1,103,1,2,5,0,3,1,3,10,0,2,3,4,5,6,7,8,9,10,11,12,13,14,15,16,17,18,19,20,20,5,6,1
1,118,1,2,8,20,18,1,3,3,0,0,0,0,0,5,5,5,5,5,5,10,10,10,10,10,10,5,5,5,5,20,5,1
1,109,1,2,10,10,9,1,3,7,0,1,2,3,4,5,6,7,8,9,10,11,12,13,14,15,16,17,18,19,20,15,10,1
3,119,1,2,6,0,19,1,3,10,0,0,0,1,1,2,2,2,2,3,3,3,4,4,4,2,2,1,1,0,0,4,2,1
1,115,1,3,5,5,15,1,3,4,0,0,1,1,2,3,3,4,5,5,6,7,8,9,10,12,12,13,15,19,20,7,3,1
1,110,1,3,13,13,10,1,3,2,0,0,2,2,3,5,6,7,8,9,10,11,12,13,14,15,16,17,18,19,20,20,13,1
2,112,1,3,12,0,12,1,3,6,0,0,0,0,0,0,0,0,0,0,0,0,0,0,0,0,0,0,0,0,0,0,0,1
2,104,1,3,6,0,4,1,3,6,0,0,0,0,0,0,0,0,0,0,0,0,0,0,0,0,0,0,0,0,0,0,0,1
1,115,1,4,4,4,15,1,3,2,0,0,1,1,2,3,3,4,5,5,6,7,8,9,10,12,12,13,15,19,20,7,2,1
1,121,1,4,1,0,21,1,3,3,0,0,0,0,0,5,6,7,8,9,10,11,12,13,14,15,16,17,18,19,20,0,0,1
1,116,1,4,6,6,16,1,3,1,0,0,0,1,1,1,2,2,2,3,3,3,4,4,4,5,5,5,6,6,6,1,2,1
3,107,1,4,11,0,7,1,3,3,0,1,2,0,0,0,0,0,0,0,0,0,0,0,0,0,0,0,0,0,0,20,0,1
1,116,1,5,2,2,16,1,3,4,0,0,0,1,1,1,2,2,2,3,3,3,4,4,4,5,5,5,6,6,6,1,0,1
1,106,1,5,7,1,6,1,3,4,0,1,1,1,1,1,1,1,1,1,1,1,1,1,1,1,1,1,1,1,1,1,1,1
1,108,1,5,9,6,8,1,3,3,0,0,0,2,4,5,5,5,5,10,12,13,15,13,12,10,10,6,6,6,6,12,10,1
1,121,1,5,1,5,21,1,3,3,0,0,0,0,0,5,6,7,8,9,10,11,12,13,14,15,16,17,18,19,20,0,0,1
3,113,1,6,8,8,13,1,3,4,0,0,0,1,2,3,4,5,7,8,9,9,10,11,12,14,15,15,0,0,0,10,7,2
2,120,1,6,11,12,20,1,3,3,0,0,0,0,0,0,0,0,0,0,0,0,0,0,0,0,0,0,0,0,0,20,0,2
2,102,1,6,5,0,2,1,3,7,0,0,0,0,0,0,0,0,0,0,0,0,0,0,0,0,0,0,0,0,0,0,0,2
3,119,1,6,17,0,19,1,3,7,0,0,0,1,1,2,2,2,2,3,3,3,4,4,4,2,2,1,1,0,0,4,1,2
1,109,1,7,4,4,9,1,3,1,0,1,2,3,4,5,6,7,8,9,10,11,12,13,14,15,16,17,18,19,20,15,4,2
3,117,1,7,10,2,17,1,3,2,0,1,1,2,2,2,2,3,3,3,3,3,4,4,4,3,2,1,1,0,0,18,3,2
1,106,1,7,5,1,6,1,3,2,0,1,1,1,1,1,1,1,1,1,1,1,1,1,1,1,1,1,1,1,1,1,1,2
1,122,1,7,1,0,22,1,3,2,0,1,2,3,4,5,6,7,8,9,10,11,12,13,14,15,16,17,18,19,20,15,1,2
2,102,1,8,0,0,2,1,3,8,0,0,0,0,0,0,0,0,0,0,0,0,0,0,0,0,0,0,0,0,0,0,0,2
1,115,1,8,5,4,15,1,3,7,0,0,1,1,2,3,3,4,5,5,6,7,8,9,10,12,12,13,15,19,20,7,3,2
1,118,1,8,5,20,18,1,3,1,0,0,0,0,0,5,5,5,5,5,5,10,10,10,10,10,10,5,5,5,5,20,5,2
2,104,1,8,4,0,4,1,3,8,0,0,0,0,0,0,0,0,0,0,0,0,0,0,0,0,0,0,0,0,0,0,0,2
3,107,1,9,0,0,7,1,3,2,0,1,2,0,0,0,0,0,0,0,0,0,0,0,0,0,0,0,0,0,0,20,0,2
1,122,1,9,0,0,22,1,3,2,0,1,2,3,4,5,6,7,8,9,10,11,12,13,14,15,16,17,18,19,20,15,0,2
1,114,1,9,6,5,14,1,3,0,0,3,3,3,5,5,5,5,6,6,6,6,6,6,6,6,6,6,6,6,20,5,5,2
3,113,1,9,2,0,13,1,3,2,0,0,0,1,2,3,4,5,7,8,9,9,10,11,12,14,15,15,0,0,0,10,0,2
3,117,1,10,2,2,17,1,3,1,0,1,1,2,2,2,2,3,3,3,3,3,4,4,4,3,2,1,1,0,0,18,1,2
1,110,1,10,2,0,10,1,3,2,0,0,2,2,3,5,6,7,8,9,10,11,12,13,14,15,16,17,18,19,20,20,2,2
1,114,1,10,4,3,14,1,3,1,0,3,3,3,5,5,5,5,6,6,6,6,6,6,6,6,6,6,6,6,20,5,5,2
2,111,1,10,1,0,11,1,3,2,0,0,0,0,0,0,0,0,0,0,0,0,0,0,0,0,0,0,0,0,0,0,0,2
3,105,1,1,4,2,5,1,4,10,0,0,0,1,2,2,2,3,3,3,3,4,4,3,3,2,2,1,1,0,0,10,2,1
1,122,1,1,3,0,22,1,4,11,0,1,2,3,4,5,6,7,8,9,10,11,12,13,14,15,16,17,18,19,20,15,3,1
1,121,1,1,10,10,21,1,4,7,0,0,0,0,0,5,6,7,8,9,10,11,12,13,14,15,16,17,18,19,20,0,10,1
2,120,1,1,12,20,20,1,4,4,0,0,0,0,0,0,0,0,0,0,0,0,0,0,0,0,0,0,0,0,0,20,0,1
1,115,1,2,6,7,15,1,4,4,0,0,1,1,2,3,3,4,5,5,6,7,8,9,10,12,12,13,15,19,20,7,3,1
1,101,1,2,11,10,1,1,4,3,0,1,2,3,4,5,6,7,8,9,10,11,12,15,20,20,20,20,20,20,20,20,11,1
2,104,1,2,7,0,4,1,4,6,0,0,0,0,0,0,0,0,0,0,0,0,0,0,0,0,0,0,0,0,0,0,0,1
1,106,1,2,7,1,6,1,4,6,0,1,1,1,1,1,1,1,1,1,1,1,1,1,1,1,1,1,1,1,1,1,1,1
1,101,1,3,15,15,1,1,4,5,0,1,2,3,4,5,6,7,8,9,10,11,12,15,20,20,20,20,20,20,20,20,20,1
1,122,1,3,12,15,22,1,4,5,0,1,2,3,4,5,6,7,8,9,10,11,12,13,14,15,16,17,18,19,20,15,12,1
3,119,1,3,15,0,19,1,4,10,0,0,0,1,1,2,2,2,2,3,3,3,4,4,4,2,2,1,1,0,0,4,2,1
1,106,1,3,7,1,6,1,4,10,0,1,1,1,1,1,1,1,1,1,1,1,1,1,1,1,1,1,1,1,1,1,1,1
3,119,1,4,15,0,19,1,4,6,0,0,0,1,1,2,2,2,2,3,3,3,4,4,4,2,2,1,1,0,0,4,2,1
2,102,1,4,4,0,2,1,4,6,0,0,0,0,0,0,0,0,0,0,0,0,0,0,0,0,0,0,0,0,0,0,0,1
1,122,1,4,8,3,22,1,4,5,0,1,2,3,4,5,6,7,8,9,10,11,12,13,14,15,16,17,18,19,20,15,8,1
3,117,1,4,12,15,17,1,4,1,0,1,1,2,2,2,2,3,3,3,3,3,4,4,4,3,2,1,1,0,0,18,4,1
2,104,1,5,6,0,4,1,4,11,0,0,0,0,0,0,0,0,0,0,0,0,0,0,0,0,0,0,0,0,0,0,0,1
3,113,1,5,7,10,13,1,4,7,0,0,0,1,2,3,4,5,7,8,9,9,10,11,12,14,15,15,0,0,0,10,5,1
1,118,1,5,5,20,18,1,4,4,0,0,0,0,0,5,5,5,5,5,5,10,10,10,10,10,10,5,5,5,5,20,5,1
1,122,1,5,3,2,22,1,4,10,0,1,2,3,4,5,6,7,8,9,10,11,12,13,14,15,16,17,18,19,20,15,3,1
1,116,1,6,4,3,16,1,4,0,0,0,0,1,1,1,2,2,2,3,3,3,4,4,4,5,5,5,6,6,6,1,1,2
2,112,1,6,8,0,12,1,4,1,0,0,0,0,0,0,0,0,0,0,0,0,0,0,0,0,0,0,0,0,0,0,0,2
1,103,1,6,2,0,3,1,4,1,0,2,3,4,5,6,7,8,9,10,11,12,13,14,15,16,17,18,19,20,20,5,3,2
1,115,1,6,2,1,15,1,4,1,0,0,1,1,2,3,3,4,5,5,6,7,8,9,10,12,12,13,15,19,20,7,1,2
3,113,1,7,5,5,13,1,4,2,0,0,0,1,2,3,4,5,7,8,9,9,10,11,12,14,15,15,0,0,0,10,3,2
2,104,1,7,6,0,4,1,4,4,0,0,0,0,0,0,0,0,0,0,0,0,0,0,0,0,0,0,0,0,0,0,0,2
1,124,1,7,4,0,24,1,4,4,0,0,0,0,0,1,1,1,1,1,2,2,2,2,2,3,3,3,3,3,5,10,0,2
1,110,1,7,5,6,10,1,4,2,0,0,2,2,3,5,6,7,8,9,10,11,12,13,14,15,16,17,18,19,20,20,5,2
1,108,1,8,8,9,8,1,4,6,0,0,0,2,4,5,5,5,5,10,12,13,15,13,12,10,10,6,6,6,6,12,5,2
1,101,1,8,14,15,1,1,4,4,0,1,2,3,4,5,6,7,8,9,10,11,12,15,20,20,20,20,20,20,20,20,20,2
2,123,1,8,2,0,23,1,4,9,0,0,0,0,0,0,0,0,0,0,0,0,0,0,0,0,0,0,0,0,0,10,0,2
3,117,1,8,2,2,17,1,4,8,0,1,1,2,2,2,2,3,3,3,3,3,4,4,4,3,2,1,1,0,0,18,1,2
1,121,1,9,2,0,21,1,4,0,0,0,0,0,0,5,6,7,8,9,10,11,12,13,14,15,16,17,18,19,20,0,0,2
1,106,1,9,1,1,6,1,4,0,0,1,1,1,1,1,1,1,1,1,1,1,1,1,1,1,1,1,1,1,1,1,1,2
3,119,1,9,1,0,19,1,4,0,0,0,0,1,1,2,2,2,2,3,3,3,4,4,4,2,2,1,1,0,0,4,0,2
1,110,1,9,4,0,10,1,4,0,0,0,2,2,3,5,6,7,8,9,10,11,12,13,14,15,16,17,18,19,20,20,3,2
3,107,1,10,1,0,7,1,4,0,0,1,2,0,0,0,0,0,0,0,0,0,0,0,0,0,0,0,0,0,0,20,1,2
1,115,1,10,10,0,15,1,4,0,0,0,1,1,2,3,3,4,5,5,6,7,8,9,10,12,12,13,15,19,20,7,6,2
2,120,1,10,1,0,20,1,4,0,0,0,0,0,0,0,0,0,0,0,0,0,0,0,0,0,0,0,0,0,0,20,0,2
1,116,1,10,1,0,16,1,4,0,0,0,0,1,1,1,2,2,2,3,3,3,4,4,4,5,5,5,6,6,6,1,0,2
2,104,1,1,10,0,4,1,5,3,0,0,0,0,0,0,0,0,0,0,0,0,0,0,0,0,0,0,0,0,0,0,0,1
3,119,1,1,8,2,19,1,5,2,0,0,0,1,1,2,2,2,2,3,3,3,4,4,4,2,2,1,1,0,0,4,2,1
3,107,1,1,6,5,7,1,5,1,0,1,2,0,0,0,0,0,0,0,0,0,0,0,0,0,0,0,0,0,0,20,0,1
2,102,1,1,5,2,2,1,5,2,0,0,0,0,0,0,0,0,0,0,0,0,0,0,0,0,0,0,0,0,0,0,0,1
2,123,1,2,7,5,23,1,5,8,0,0,0,0,0,0,0,0,0,0,0,0,0,0,0,0,0,0,0,0,0,10,0,1
2,112,1,2,5,0,12,1,5,10,0,0,0,0,0,0,0,0,0,0,0,0,0,0,0,0,0,0,0,0,0,0,0,1
1,121,1,2,12,14,21,1,5,5,0,0,0,0,0,5,6,7,8,9,10,11,12,13,14,15,16,17,18,19,20,0,12,1
1,114,1,2,12,10,14,1,5,6,0,3,3,3,5,5,5,5,6,6,6,6,6,6,6,6,6,6,6,6,20,5,6,1
2,123,1,3,4,0,23,1,5,8,0,0,0,0,0,0,0,0,0,0,0,0,0,0,0,0,0,0,0,0,0,10,0,1
3,105,1,3,11,9,5,1,5,5,0,0,0,1,2,2,2,3,3,3,3,4,4,3,3,2,2,1,1,0,0,10,4,1
2,111,1,3,7,10,11,1,5,5,0,0,0,0,0,0,0,0,0,0,0,0,0,0,0,0,0,0,0,0,0,0,0,1
1,116,1,3,9,6,16,1,5,6,0,0,0,1,1,1,2,2,2,3,3,3,4,4,4,5,5,5,6,6,6,1,3,1
1,124,1,4,8,0,24,1,5,7,0,0,0,0,0,1,1,1,1,1,2,2,2,2,2,3,3,3,3,3,5,10,1,1
1,114,1,4,8,7,14,1,5,4,0,3,3,3,5,5,5,5,6,6,6,6,6,6,6,6,6,6,6,6,20,5,6,1
3,105,1,4,10,3,5,1,5,6,0,0,0,1,2,2,2,3,3,3,3,4,4,3,3,2,2,1,1,0,0,10,3,1
1,103,1,4,8,10,3,1,5,3,0,2,3,4,5,6,7,8,9,10,11,12,13,14,15,16,17,18,19,20,20,5,9,1
3,105,1,5,9,6,5,1,5,3,0,0,0,1,2,2,2,3,3,3,3,4,4,3,3,2,2,1,1,0,0,10,3,1
2,102,1,5,5,0,2,1,5,5,0,0,0,0,0,0,0,0,0,0,0,0,0,0,0,0,0,0,0,0,0,0,0,1
1,110,1,5,9,10,10,1,5,2,0,0,2,2,3,5,6,7,8,9,10,11,12,13,14,15,16,17,18,19,20,20,9,1
3,119,1,5,18,0,19,1,5,5,0,0,0,1,1,2,2,2,2,3,3,3,4,4,4,2,2,1,1,0,0,4,1,1
1,121,1,6,2,5,21,1,5,3,0,0,0,0,0,5,6,7,8,9,10,11,12,13,14,15,16,17,18,19,20,0,0,2
3,117,1,6,11,2,17,1,5,4,0,1,1,2,2,2,2,3,3,3,3,3,4,4,4,3,2,1,1,0,0,18,3,2
1,118,1,6,3,0,18,1,5,5,0,0,0,0,0,5,5,5,5,5,5,10,10,10,10,10,10,5,5,5,5,20,0,2
1,109,1,6,8,8,9,1,5,2,0,1,2,3,4,5,6,7,8,9,10,11,12,13,14,15,16,17,18,19,20,15,8,2
1,108,1,7,6,8,8,1,5,5,0,0,0,2,4,5,5,5,5,10,12,13,15,13,12,10,10,6,6,6,6,12,5,2
3,107,1,7,4,0,7,1,5,8,0,1,2,0,0,0,0,0,0,0,0,0,0,0,0,0,0,0,0,0,0,20,0,2
1,121,1,7,3,6,21,1,5,6,0,0,0,0,0,5,6,7,8,9,10,11,12,13,14,15,16,17,18,19,20,0,0,2
1,114,1,7,9,10,14,1,5,5,0,3,3,3,5,5,5,5,6,6,6,6,6,6,6,6,6,6,6,6,20,5,6,2
2,120,1,8,8,0,20,1,5,0,0,0,0,0,0,0,0,0,0,0,0,0,0,0,0,0,0,0,0,0,0,20,0,2
1,103,1,8,2,0,3,1,5,0,0,2,3,4,5,6,7,8,9,10,11,12,13,14,15,16,17,18,19,20,20,5,3,2
1,106,1,8,3,1,6,1,5,0,0,1,1,1,1,1,1,1,1,1,1,1,1,1,1,1,1,1,1,1,1,1,1,2
2,111,1,8,3,0,11,1,5,0,0,0,0,0,0,0,0,0,0,0,0,0,0,0,0,0,0,0,0,0,0,0,0,2
2,104,1,9,6,0,4,1,5,1,0,0,0,0,0,0,0,0,0,0,0,0,0,0,0,0,0,0,0,0,0,0,0,2
1,109,1,9,3,2,9,1,5,1,0,1,2,3,4,5,6,7,8,9,10,11,12,13,14,15,16,17,18,19,20,15,3,2
2,102,1,9,5,0,2,1,5,1,0,0,0,0,0,0,0,0,0,0,0,0,0,0,0,0,0,0,0,0,0,0,0,2
3,117,1,9,7,2,17,1,5,1,0,1,1,2,2,2,2,3,3,3,3,3,4,4,4,3,2,1,1,0,0,18,3,2
3,105,1,10,3,0,5,1,5,7,0,0,0,1,2,2,2,3,3,3,3,4,4,3,3,2,2,1,1,0,0,10,1,2
2,123,1,10,1,1,23,1,5,7,0,0,0,0,0,0,0,0,0,0,0,0,0,0,0,0,0,0,0,0,0,10,0,2
1,118,1,10,2,20,18,1,5,0,0,0,0,0,0,5,5,5,5,5,5,10,10,10,10,10,10,5,5,5,5,20,0,2
1,108,1,10,0,0,8,1,5,7,0,0,0,2,4,5,5,5,5,10,12,13,15,13,12,10,10,6,6,6,6,12,0,2
1,108,1,1,12,12,8,1,6,9,0,0,0,2,4,5,5,5,5,10,12,13,15,13,12,10,10,6,6,6,6,12,15,1
1,109,1,1,12,12,9,1,6,9,0,1,2,3,4,5,6,7,8,9,10,11,12,13,14,15,16,17,18,19,20,15,12,1
2,123,1,1,12,0,23,1,6,13,0,0,0,0,0,0,0,0,0,0,0,0,0,0,0,0,0,0,0,0,0,10,0,1
1,124,1,1,12,15,24,1,6,8,0,0,0,0,0,1,1,1,1,1,2,2,2,2,2,3,3,3,3,3,5,10,2,1
3,107,1,2,6,0,7,1,6,10,0,1,2,0,0,0,0,0,0,0,0,0,0,0,0,0,0,0,0,0,0,20,0,1
2,111,1,2,6,10,11,1,6,7,0,0,0,0,0,0,0,0,0,0,0,0,0,0,0,0,0,0,0,0,0,0,0,1
1,122,1,2,6,5,22,1,6,8,0,1,2,3,4,5,6,7,8,9,10,11,12,13,14,15,16,17,18,19,20,15,6,1
1,110,1,2,13,15,10,1,6,5,0,0,2,2,3,5,6,7,8,9,10,11,12,13,14,15,16,17,18,19,20,20,13,1
1,124,1,3,10,0,24,1,6,9,0,0,0,0,0,1,1,1,1,1,2,2,2,2,2,3,3,3,3,3,5,10,2,1
1,118,1,3,9,20,18,1,6,2,0,0,0,0,0,5,5,5,5,5,5,10,10,10,10,10,10,5,5,5,5,20,5,1
1,114,1,3,10,6,14,1,6,7,0,3,3,3,5,5,5,5,6,6,6,6,6,6,6,6,6,6,6,6,20,5,6,1
1,103,1,3,8,0,3,1,6,9,0,2,3,4,5,6,7,8,9,10,11,12,13,14,15,16,17,18,19,20,20,5,9,1
2,104,1,4,6,0,4,1,6,7,0,0,0,0,0,0,0,0,0,0,0,0,0,0,0,0,0,0,0,0,0,0,0,1
3,113,1,4,11,10,13,1,6,4,0,0,0,1,2,3,4,5,7,8,9,9,10,11,12,14,15,15,0,0,0,10,9,1
2,112,1,4,8,0,12,1,6,7,0,0,0,0,0,0,0,0,0,0,0,0,0,0,0,0,0,0,0,0,0,0,0,1
2,120,1,4,11,12,20,1,6,3,0,0,0,0,0,0,0,0,0,0,0,0,0,0,0,0,0,0,0,0,0,20,0,1
3,107,1,5,4,0,7,1,6,9,0,1,2,0,0,0,0,0,0,0,0,0,0,0,0,0,0,0,0,0,0,20,0,1
1,114,1,5,5,6,14,1,6,7,0,3,3,3,5,5,5,5,6,6,6,6,6,6,6,6,6,6,6,6,20,5,5,1
1,109,1,5,10,12,9,1,6,5,0,1,2,3,4,5,6,7,8,9,10,11,12,13,14,15,16,17,18,19,20,15,10,1
2,111,1,5,8,10,11,1,6,6,0,0,0,0,0,0,0,0,0,0,0,0,0,0,0,0,0,0,0,0,0,0,0,1
2,111,1,6,8,10,11,1,6,3,0,0,0,0,0,0,0,0,0,0,0,0,0,0,0,0,0,0,0,0,0,0,0,2
1,108,1,6,6,7,8,1,6,4,0,0,0,2,4,5,5,5,5,10,12,13,15,13,12,10,10,6,6,6,6,12,5,2
3,105,1,6,6,1,5,1,6,6,0,0,0,1,2,2,2,3,3,3,3,4,4,3,3,2,2,1,1,0,0,10,2,2
1,124,1,6,3,0,24,1,6,6,0,0,0,0,0,1,1,1,1,1,2,2,2,2,2,3,3,3,3,3,5,10,0,2
1,103,1,7,2,0,3,1,6,4,0,2,3,4,5,6,7,8,9,10,11,12,13,14,15,16,17,18,19,20,20,5,3,2
1,116,1,7,3,2,16,1,6,3,0,0,0,1,1,1,2,2,2,3,3,3,4,4,4,5,5,5,6,6,6,1,1,2
2,123,1,7,6,4,23,1,6,2,0,0,0,0,0,0,0,0,0,0,0,0,0,0,0,0,0,0,0,0,0,10,0,2
2,111,1,7,6,5,11,1,6,2,0,0,0,0,0,0,0,0,0,0,0,0,0,0,0,0,0,0,0,0,0,0,0,2
1,124,1,8,3,0,24,1,6,0,0,0,0,0,0,1,1,1,1,1,2,2,2,2,2,3,3,3,3,3,5,10,0,2
3,119,1,8,4,0,19,1,6,0,0,0,0,1,1,2,2,2,2,3,3,3,4,4,4,2,2,1,1,0,0,4,1,2
3,107,1,8,8,0,7,1,6,0,0,1,2,0,0,0,0,0,0,0,0,0,0,0,0,0,0,0,0,0,0,20,0,2
1,122,1,8,1,1,22,1,6,0,0,1,2,3,4,5,6,7,8,9,10,11,12,13,14,15,16,17,18,19,20,15,1,2
2,123,1,9,7,0,23,1,6,1,0,0,0,0,0,0,0,0,0,0,0,0,0,0,0,0,0,0,0,0,0,10,0,2
1,115,1,9,5,3,15,1,6,0,0,0,1,1,2,3,3,4,5,5,6,7,8,9,10,12,12,13,15,19,20,7,3,2
2,111,1,9,1,0,11,1,6,1,0,0,0,0,0,0,0,0,0,0,0,0,0,0,0,0,0,0,0,0,0,0,0,2
1,116,1,9,2,0,16,1,6,1,0,0,0,1,1,1,2,2,2,3,3,3,4,4,4,5,5,5,6,6,6,1,0,2
1,101,1,10,7,15,1,1,6,0,0,1,2,3,4,5,6,7,8,9,10,11,12,15,20,20,20,20,20,20,20,20,7,2
1,122,1,10,1,0,22,1,6,5,0,1,2,3,4,5,6,7,8,9,10,11,12,13,14,15,16,17,18,19,20,15,1,2
2,102,1,10,1,0,2,1,6,5,0,0,0,0,0,0,0,0,0,0,0,0,0,0,0,0,0,0,0,0,0,0,0,2
1,103,1,10,3,0,3,1,6,5,0,2,3,4,5,6,7,8,9,10,11,12,13,14,15,16,17,18,19,20,20,5,4,2
2,214,0,1,10,10,14,2,1,10,0,0,0,0,0,0,0,0,0,0,0,0,0,0,0,0,0,0,0,0,0,0,0,1
2,213,0,1,20,0,13,2,1,13,0,0,0,0,0,0,0,0,0,0,0,0,0,0,0,0,0,0,0,0,0,0,0,1
4,217,0,1,20,20,17,2,1,7,0,0,0,0,0,0,0,0,0,0,10,0,0,0,0,0,0,0,0,0,20,0,20,1
1,201,0,1,10,10,1,2,1,10,0,1,2,3,4,5,6,7,8,9,9,10,11,12,13,14,15,16,17,18,19,7,9,1
1,205,0,2,8,5,5,2,1,11,0,0,0,1,1,2,3,3,4,4,4,6,8,10,10,12,12,14,16,17,17,15,4,1
2,208,0,2,7,7,8,2,1,10,0,0,0,0,0,0,0,0,0,0,0,0,0,0,0,0,0,0,0,0,0,0,0,1
1,216,0,2,12,10,16,2,1,9,0,2,3,4,4,5,5,5,5,8,9,10,10,10,10,15,20,20,20,20,20,7,10,1
1,220,0,2,10,15,20,2,1,7,0,0,1,2,3,4,5,6,7,8,9,10,10,11,12,13,14,20,20,20,20,10,9,1
4,217,0,3,5,0,17,2,1,3,0,0,0,0,0,0,0,0,0,0,10,0,0,0,0,0,0,0,0,0,20,0,0,1
1,220,0,3,10,10,20,2,1,0,0,0,1,2,3,4,5,6,7,8,9,10,10,11,12,13,14,20,20,20,20,10,9,1
2,208,0,3,10,0,8,2,1,3,0,0,0,0,0,0,0,0,0,0,0,0,0,0,0,0,0,0,0,0,0,0,0,1
2,213,0,3,7,0,13,2,1,3,0,0,0,0,0,0,0,0,0,0,0,0,0,0,0,0,0,0,0,0,0,0,0,1
1,223,0,4,7,10,23,2,1,4,0,1,1,2,3,4,5,6,7,8,9,10,11,12,13,14,15,17,18,19,20,5,6,1
2,218,0,4,4,0,18,2,1,7,0,0,0,0,0,0,0,0,0,0,0,0,0,0,0,0,0,0,0,0,0,0,0,1
3,210,0,4,9,10,10,2,1,4,0,0,1,1,2,2,3,3,3,4,4,3,2,2,0,0,0,0,0,0,0,0,4,1
1,209,0,4,8,1,9,2,1,7,0,1,2,3,4,5,6,7,8,9,10,11,12,13,14,15,16,17,18,19,20,0,8,1
1,201,0,5,13,13,1,2,1,6,0,1,2,3,4,5,6,7,8,9,9,10,11,12,13,14,15,16,17,18,19,7,12,1
4,217,0,5,5,1,17,2,1,10,0,0,0,0,0,0,0,0,0,0,10,0,0,0,0,0,0,0,0,0,20,0,0,1
1,223,0,5,5,10,23,2,1,7,0,1,1,2,3,4,5,6,7,8,9,10,11,12,13,14,15,17,18,19,20,5,4,1
1,220,0,5,6,8,20,2,1,8,0,0,1,2,3,4,5,6,7,8,9,10,10,11,12,13,14,20,20,20,20,10,5,1
1,204,0,6,4,5,4,2,1,1,0,0,0,0,0,5,6,7,8,9,10,12,13,14,15,16,18,19,20,20,20,6,0,2
4,222,0,6,12,3,22,2,1,2,15,14,16,8,9,7,15,12,10,20,0,0,1,2,0,4,5,8,3,8,12,20,1,2
3,210,0,6,9,0,10,2,1,3,0,0,1,1,2,2,3,3,3,4,4,3,2,2,0,0,0,0,0,0,0,0,4,2
2,207,0,6,2,0,7,2,1,3,0,0,0,0,0,0,0,0,0,0,0,0,0,0,0,0,0,0,0,0,0,0,0,2
1,205,0,7,6,3,5,2,1,6,0,0,0,1,1,2,3,3,4,4,4,6,8,10,10,12,12,14,16,17,17,15,3,2
1,212,0,7,4,4,12,2,1,6,0,0,0,0,0,0,0,0,0,0,0,0,5,5,5,5,5,5,5,5,5,0,0,2
4,219,0,7,5,5,19,2,1,5,0,0,0,0,16,15,15,20,20,7,7,9,8,8,8,10,10,10,5,20,20,8,15,2
4,202,0,7,7,9,2,2,1,4,10,14,11,19,12,10,15,18,14,10,9,12,13,8,7,6,14,15,19,18,20,16,18,2
1,212,0,8,4,4,12,2,1,1,0,0,0,0,0,0,0,0,0,0,0,0,5,5,5,5,5,5,5,5,5,0,0,2
1,205,0,8,4,2,5,2,1,1,0,0,0,1,1,2,3,3,4,4,4,6,8,10,10,12,12,14,16,17,17,15,1,2
2,213,0,8,7,0,13,2,1,2,0,0,0,0,0,0,0,0,0,0,0,0,0,0,0,0,0,0,0,0,0,0,0,2
2,214,0,8,9,0,14,2,1,2,0,0,0,0,0,0,0,0,0,0,0,0,0,0,0,0,0,0,0,0,0,0,0,2
2,208,0,9,6,12,8,2,1,2,0,0,0,0,0,0,0,0,0,0,0,0,0,0,0,0,0,0,0,0,0,0,0,2
1,220,0,9,4,5,20,2,1,4,0,0,1,2,3,4,5,6,7,8,9,10,10,11,12,13,14,20,20,20,20,10,3,2
2,203,0,9,3,0,3,2,1,6,0,0,0,0,0,0,0,0,0,0,0,0,0,0,0,0,0,0,0,0,0,0,0,2
1,212,0,9,3,0,12,2,1,6,0,0,0,0,0,0,0,0,0,0,0,0,5,5,5,5,5,5,5,5,5,0,0,2
1,212,0,10,4,0,12,2,1,3,0,0,0,0,0,0,0,0,0,0,0,0,5,5,5,5,5,5,5,5,5,0,0,2
1,206,0,10,10,5,6,2,1,1,0,1,2,3,4,5,6,7,8,9,10,11,12,13,14,15,16,17,18,19,20,10,10,2
4,224,0,10,1,0,24,2,1,3,2,2,2,2,2,2,2,1,1,1,1,1,1,1,0,0,0,0,0,0,0,2,2,2
4,219,0,10,4,4,19,2,1,2,0,0,0,0,16,15,15,20,20,7,7,9,8,8,8,10,10,10,5,20,20,8,16,2
2,211,0,1,10,0,11,2,2,10,0,0,0,0,0,0,0,0,0,0,0,0,0,0,0,0,0,0,0,0,0,0,0,1
2,203,0,1,5,3,3,2,2,9,0,0,0,0,0,0,0,0,0,0,0,0,0,0,0,0,0,0,0,0,0,0,0,1
1,216,0,1,18,20,16,2,2,4,0,2,3,4,4,5,5,5,5,8,9,10,10,10,10,15,20,20,20,20,20,7,20,1
1,212,0,1,8,8,12,2,2,8,0,0,0,0,0,0,0,0,0,0,0,0,5,5,5,5,5,5,5,5,5,0,0,1
4,217,0,2,10,0,17,2,2,3,0,0,0,0,0,0,0,0,0,0,10,0,0,0,0,0,0,0,0,0,20,0,10,1
2,213,0,2,7,0,13,2,2,3,0,0,0,0,0,0,0,0,0,0,0,0,0,0,0,0,0,0,0,0,0,0,0,1
4,202,0,2,9,7,2,2,2,1,10,14,11,19,12,10,15,18,14,10,9,12,13,8,7,6,14,15,19,18,20,16,10,1
4,224,0,2,8,2,24,2,2,2,2,2,2,2,2,2,2,1,1,1,1,1,1,1,0,0,0,0,0,0,0,2,1,1
2,207,0,3,7,0,7,2,2,6,0,0,0,0,0,0,0,0,0,0,0,0,0,0,0,0,0,0,0,0,0,0,0,1
1,209,0,3,11,10,9,2,2,3,0,1,2,3,4,5,6,7,8,9,10,11,12,13,14,15,16,17,18,19,20,0,11,1
4,202,0,3,8,8,2,2,2,3,10,14,11,19,12,10,15,18,14,10,9,12,13,8,7,6,14,15,19,18,20,16,14,1
2,221,0,3,9,0,21,2,2,6,0,0,0,0,0,0,0,0,0,0,0,0,0,0,0,0,0,0,0,0,0,0,0,1
2,208,0,4,5,10,8,2,2,3,0,0,0,0,0,0,0,0,0,0,0,0,0,0,0,0,0,0,0,0,0,0,0,1
1,206,0,4,10,10,6,2,2,3,0,1,2,3,4,5,6,7,8,9,10,11,12,13,14,15,16,17,18,19,20,10,10,1
2,211,0,4,5,0,11,2,2,7,0,0,0,0,0,0,0,0,0,0,0,0,0,0,0,0,0,0,0,0,0,0,0,1
1,201,0,4,8,0,1,2,2,7,0,1,2,3,4,5,6,7,8,9,9,10,11,12,13,14,15,16,17,18,19,7,8,1
2,203,0,5,5,3,3,2,2,3,0,0,0,0,0,0,0,0,0,0,0,0,0,0,0,0,0,0,0,0,0,0,0,1
1,212,0,5,8,8,12,2,2,1,0,0,0,0,0,0,0,0,0,0,0,0,5,5,5,5,5,5,5,5,5,0,0,1
4,224,0,5,7,1,24,2,2,4,2,2,2,2,2,2,2,1,1,1,1,1,1,1,0,0,0,0,0,0,0,2,1,1
1,215,0,5,10,0,15,2,2,4,0,0,0,0,0,0,0,0,0,0,0,0,0,0,0,0,2,5,10,15,20,0,0,1
2,214,0,6,5,0,14,2,2,11,0,0,0,0,0,0,0,0,0,0,0,0,0,0,0,0,0,0,0,0,0,0,0,2
1,206,0,6,10,10,6,2,2,8,0,1,2,3,4,5,6,7,8,9,10,11,12,13,14,15,16,17,18,19,20,10,10,2
1,223,0,6,8,15,23,2,2,6,0,1,1,2,3,4,5,6,7,8,9,10,11,12,13,14,15,17,18,19,20,5,7,2
1,201,0,6,9,9,1,2,2,8,0,1,2,3,4,5,6,7,8,9,9,10,11,12,13,14,15,16,17,18,19,7,9,2
1,220,0,7,4,0,20,2,2,5,0,0,1,2,3,4,5,6,7,8,9,10,10,11,12,13,14,20,20,20,20,10,3,2
1,215,0,7,4,0,15,2,2,5,0,0,0,0,0,0,0,0,0,0,0,0,0,0,0,0,2,5,10,15,20,0,0,2
2,218,0,7,4,0,18,2,2,5,0,0,0,0,0,0,0,0,0,0,0,0,0,0,0,0,0,0,0,0,0,0,0,2
1,201,0,7,10,15,1,2,2,0,0,1,2,3,4,5,6,7,8,9,9,10,11,12,13,14,15,16,17,18,19,7,9,2
3,210,0,8,2,0,10,2,2,8,0,0,1,1,2,2,3,3,3,4,4,3,2,2,0,0,0,0,0,0,0,0,1,2
1,216,0,8,5,5,16,2,2,7,0,2,3,4,4,5,5,5,5,8,9,10,10,10,10,15,20,20,20,20,20,7,5,2
2,221,0,8,3,0,21,2,2,8,0,0,0,0,0,0,0,0,0,0,0,0,0,0,0,0,0,0,0,0,0,0,0,2
1,209,0,8,7,20,9,2,2,2,0,1,2,3,4,5,6,7,8,9,10,11,12,13,14,15,16,17,18,19,20,0,7,2
2,218,0,9,3,0,18,2,2,1,0,0,0,0,0,0,0,0,0,0,0,0,0,0,0,0,0,0,0,0,0,0,0,2
1,201,0,9,10,0,1,2,2,1,0,1,2,3,4,5,6,7,8,9,9,10,11,12,13,14,15,16,17,18,19,7,9,2
4,224,0,9,1,0,24,2,2,1,2,2,2,2,2,2,2,1,1,1,1,1,1,1,0,0,0,0,0,0,0,2,2,2
1,205,0,9,7,3,5,2,2,0,0,0,0,1,1,2,3,3,4,4,4,6,8,10,10,12,12,14,16,17,17,15,3,2
2,213,0,10,1,0,13,2,2,7,0,0,0,0,0,0,0,0,0,0,0,0,0,0,0,0,0,0,0,0,0,0,0,2
2,221,0,10,8,20,21,2,2,0,0,0,0,0,0,0,0,0,0,0,0,0,0,0,0,0,0,0,0,0,0,0,0,2
1,204,0,10,0,0,4,2,2,7,0,0,0,0,0,5,6,7,8,9,10,12,13,14,15,16,18,19,20,20,20,6,0,2
1,209,0,10,0,0,9,2,2,7,0,1,2,3,4,5,6,7,8,9,10,11,12,13,14,15,16,17,18,19,20,0,0,2
1,215,0,1,6,0,15,2,3,13,0,0,0,0,0,0,0,0,0,0,0,0,0,0,0,0,2,5,10,15,20,0,0,1
1,206,0,1,18,20,6,2,3,7,0,1,2,3,4,5,6,7,8,9,10,11,12,13,14,15,16,17,18,19,20,10,18,1
2,218,0,1,6,0,18,2,3,13,0,0,0,0,0,0,0,0,0,0,0,0,0,0,0,0,0,0,0,0,0,0,0,1
3,210,0,1,20,20,10,2,3,7,0,0,1,1,2,2,3,3,3,4,4,3,2,2,0,0,0,0,0,0,0,0,0,1
4,219,0,2,8,8,19,2,3,7,0,0,0,0,16,15,15,20,20,7,7,9,8,8,8,10,10,10,5,20,20,8,20,1
1,209,0,2,6,19,9,2,3,4,0,1,2,3,4,5,6,7,8,9,10,11,12,13,14,15,16,17,18,19,20,0,6,1
2,203,0,2,8,3,3,2,3,9,0,0,0,0,0,0,0,0,0,0,0,0,0,0,0,0,0,0,0,0,0,0,0,1
2,218,0,2,8,0,18,2,3,10,0,0,0,0,0,0,0,0,0,0,0,0,0,0,0,0,0,0,0,0,0,0,0,1
1,215,0,3,13,0,15,2,3,13,0,0,0,0,0,0,0,0,0,0,0,0,0,0,0,0,2,5,10,15,20,0,0,1
3,210,0,3,20,20,10,2,3,6,0,0,1,1,2,2,3,3,3,4,4,3,2,2,0,0,0,0,0,0,0,0,0,1
1,212,0,3,8,8,12,2,3,10,0,0,0,0,0,0,0,0,0,0,0,0,5,5,5,5,5,5,5,5,5,0,0,1
1,204,0,3,10,11,4,2,3,9,0,0,0,0,0,5,6,7,8,9,10,12,13,14,15,16,18,19,20,20,20,6,10,1
2,207,0,4,7,6,7,2,3,0,0,0,0,0,0,0,0,0,0,0,0,0,0,0,0,0,0,0,0,0,0,0,0,1
1,216,0,4,7,0,16,2,3,2,0,2,3,4,4,5,5,5,5,8,9,10,10,10,10,15,20,20,20,20,20,7,5,1
2,221,0,4,5,0,21,2,3,2,0,0,0,0,0,0,0,0,0,0,0,0,0,0,0,0,0,0,0,0,0,0,0,1
1,215,0,4,13,0,15,2,3,2,0,0,0,0,0,0,0,0,0,0,0,0,0,0,0,0,2,5,10,15,20,0,0,1
1,206,0,5,10,10,6,2,3,2,0,1,2,3,4,5,6,7,8,9,10,11,12,13,14,15,16,17,18,19,20,10,10,1
2,221,0,5,2,0,21,2,3,5,0,0,0,0,0,0,0,0,0,0,0,0,0,0,0,0,0,0,0,0,0,0,0,1
1,216,0,5,1,0,16,2,3,5,0,2,3,4,4,5,5,5,5,8,9,10,10,10,10,15,20,20,20,20,20,7,2,1
2,208,0,5,5,5,8,2,3,3,0,0,0,0,0,0,0,0,0,0,0,0,0,0,0,0,0,0,0,0,0,0,0,1
2,213,0,6,7,0,13,2,3,8,0,0,0,0,0,0,0,0,0,0,0,0,0,0,0,0,0,0,0,0,0,0,0,2
4,202,0,6,6,7,2,2,3,6,10,14,11,19,12,10,15,18,14,10,9,12,13,8,7,6,14,15,19,18,20,16,15,2
1,220,0,6,5,8,20,2,3,6,0,0,1,2,3,4,5,6,7,8,9,10,10,11,12,13,14,20,20,20,20,10,4,2
4,219,0,6,8,10,19,2,3,5,0,0,0,0,16,15,15,20,20,7,7,9,8,8,8,10,10,10,5,20,20,8,20,2
1,209,0,7,7,5,9,2,3,10,0,1,2,3,4,5,6,7,8,9,10,11,12,13,14,15,16,17,18,19,20,0,7,2
1,206,0,7,10,10,6,2,3,9,0,1,2,3,4,5,6,7,8,9,10,11,12,13,14,15,16,17,18,19,20,10,10,2
4,222,0,7,7,1,22,2,3,12,15,14,16,8,9,7,15,12,10,20,0,0,1,2,0,4,5,8,3,8,12,20,12,2
4,217,0,7,10,20,17,2,3,5,0,0,0,0,0,0,0,0,0,0,10,0,0,0,0,0,0,0,0,0,20,0,10,2
2,218,0,8,4,0,18,2,3,3,0,0,0,0,0,0,0,0,0,0,0,0,0,0,0,0,0,0,0,0,0,0,0,2
1,215,0,8,4,0,15,2,3,3,0,0,0,0,0,0,0,0,0,0,0,0,0,0,0,0,2,5,10,15,20,0,0,2
4,202,0,8,5,7,2,2,3,1,10,14,11,19,12,10,15,18,14,10,9,12,13,8,7,6,14,15,19,18,20,16,10,2
1,204,0,8,1,2,4,2,3,2,0,0,0,0,0,5,6,7,8,9,10,12,13,14,15,16,18,19,20,20,20,6,0,2
2,214,0,9,2,1,14,2,3,1,0,0,0,0,0,0,0,0,0,0,0,0,0,0,0,0,0,0,0,0,0,0,0,2
2,207,0,9,3,2,7,2,3,0,0,0,0,0,0,0,0,0,0,0,0,0,0,0,0,0,0,0,0,0,0,0,0,2
2,213,0,9,1,0,13,2,3,1,0,0,0,0,0,0,0,0,0,0,0,0,0,0,0,0,0,0,0,0,0,0,0,2
4,222,0,9,9,0,22,2,3,1,15,14,16,8,9,7,15,12,10,20,0,0,1,2,0,4,5,8,3,8,12,20,20,2
2,211,0,10,4,0,11,2,3,1,0,0,0,0,0,0,0,0,0,0,0,0,0,0,0,0,0,0,0,0,0,0,0,2
3,210,0,10,5,0,10,2,3,1,0,0,1,1,2,2,3,3,3,4,4,3,2,2,0,0,0,0,0,0,0,0,2,2
2,214,0,10,1,3,14,2,3,0,0,0,0,0,0,0,0,0,0,0,0,0,0,0,0,0,0,0,0,0,0,0,0,2
4,217,0,10,3,0,17,2,3,1,0,0,0,0,0,0,0,0,0,0,10,0,0,0,0,0,0,0,0,0,20,0,0,2
1,220,0,1,15,20,20,2,4,1,0,0,1,2,3,4,5,6,7,8,9,10,10,11,12,13,14,20,20,20,20,10,13,1
4,222,0,1,18,0,22,2,4,8,15,14,16,8,9,7,15,12,10,20,0,0,1,2,0,4,5,8,3,8,12,20,3,1
2,221,0,1,5,0,21,2,4,8,0,0,0,0,0,0,0,0,0,0,0,0,0,0,0,0,0,0,0,0,0,0,0,1
1,205,0,1,7,3,5,2,4,7,0,0,0,1,1,2,3,3,4,4,4,6,8,10,10,12,12,14,16,17,17,15,3,1
1,206,0,2,15,20,6,2,4,7,0,1,2,3,4,5,6,7,8,9,10,11,12,13,14,15,16,17,18,19,20,10,15,1
1,204,0,2,8,9,4,2,4,10,0,0,0,0,0,5,6,7,8,9,10,12,13,14,15,16,18,19,20,20,20,6,8,1
1,215,0,2,12,0,15,2,4,13,0,0,0,0,0,0,0,0,0,0,0,0,0,0,0,0,2,5,10,15,20,0,0,1
1,201,0,2,11,11,1,2,4,10,0,1,2,3,4,5,6,7,8,9,9,10,11,12,13,14,15,16,17,18,19,7,10,1
4,222,0,3,18,8,22,2,4,11,15,14,16,8,9,7,15,12,10,20,0,0,1,2,0,4,5,8,3,8,12,20,3,1
1,206,0,3,15,15,6,2,4,9,0,1,2,3,4,5,6,7,8,9,10,11,12,13,14,15,16,17,18,19,20,10,15,1
4,219,0,3,7,8,19,2,4,11,0,0,0,0,16,15,15,20,20,7,7,9,8,8,8,10,10,10,5,20,20,8,20,1
1,201,0,3,10,10,1,2,4,10,0,1,2,3,4,5,6,7,8,9,9,10,11,12,13,14,15,16,17,18,19,7,9,1
4,219,0,4,10,8,19,2,4,2,0,0,0,0,16,15,15,20,20,7,7,9,8,8,8,10,10,10,5,20,20,8,7,1
4,202,0,4,5,7,2,2,4,3,10,14,11,19,12,10,15,18,14,10,9,12,13,8,7,6,14,15,19,18,20,16,10,1
4,222,0,4,15,0,22,2,4,5,15,14,16,8,9,7,15,12,10,20,0,0,1,2,0,4,5,8,3,8,12,20,4,1
4,217,0,4,3,0,17,2,4,5,0,0,0,0,0,0,0,0,0,0,10,0,0,0,0,0,0,0,0,0,20,0,0,1
2,213,0,5,7,0,13,2,4,5,0,0,0,0,0,0,0,0,0,0,0,0,0,0,0,0,0,0,0,0,0,0,0,1
2,218,0,5,5,0,18,2,4,5,0,0,0,0,0,0,0,0,0,0,0,0,0,0,0,0,0,0,0,0,0,0,0,1
1,204,0,5,9,10,4,2,4,2,0,0,0,0,0,5,6,7,8,9,10,12,13,14,15,16,18,19,20,20,20,6,9,1
4,222,0,5,7,6,22,2,4,3,15,14,16,8,9,7,15,12,10,20,0,0,1,2,0,4,5,8,3,8,12,20,12,1
1,212,0,6,4,5,12,2,4,4,0,0,0,0,0,0,0,0,0,0,0,0,5,5,5,5,5,5,5,5,5,0,0,2
1,216,0,6,7,8,16,2,4,3,0,2,3,4,4,5,5,5,5,8,9,10,10,10,10,15,20,20,20,20,20,7,5,2
2,203,0,6,4,3,3,2,4,4,0,0,0,0,0,0,0,0,0,0,0,0,0,0,0,0,0,0,0,0,0,0,0,2
1,215,0,6,5,0,15,2,4,5,0,0,0,0,0,0,0,0,0,0,0,0,0,0,0,0,2,5,10,15,20,0,0,2
3,210,0,7,5,0,10,2,4,1,0,0,1,1,2,2,3,3,3,4,4,3,2,2,0,0,0,0,0,0,0,0,2,2
2,213,0,7,7,0,13,2,4,1,0,0,0,0,0,0,0,0,0,0,0,0,0,0,0,0,0,0,0,0,0,0,0,2
4,224,0,7,2,0,24,2,4,1,2,2,2,2,2,2,2,1,1,1,1,1,1,1,0,0,0,0,0,0,0,2,2,2
1,204,0,7,2,3,4,2,4,0,0,0,0,0,0,5,6,7,8,9,10,12,13,14,15,16,18,19,20,20,20,6,0,2
1,201,0,8,5,8,1,2,4,3,0,1,2,3,4,5,6,7,8,9,9,10,11,12,13,14,15,16,17,18,19,7,5,2
2,208,0,8,1,0,8,2,4,6,0,0,0,0,0,0,0,0,0,0,0,0,0,0,0,0,0,0,0,0,0,0,0,2
1,223,0,8,6,10,23,2,4,3,0,1,1,2,3,4,5,6,7,8,9,10,11,12,13,14,15,17,18,19,20,5,5,2
4,217,0,8,5,0,17,2,4,6,0,0,0,0,0,0,0,0,0,0,10,0,0,0,0,0,0,0,0,0,20,0,0,2
2,221,0,9,4,0,21,2,4,5,0,0,0,0,0,0,0,0,0,0,0,0,0,0,0,0,0,0,0,0,0,0,0,2
3,210,0,9,5,0,10,2,4,5,0,0,1,1,2,2,3,3,3,4,4,3,2,2,0,0,0,0,0,0,0,0,2,2
4,219,0,9,5,5,19,2,4,3,0,0,0,0,16,15,15,20,20,7,7,9,8,8,8,10,10,10,5,20,20,8,15,2
1,206,0,9,10,10,6,2,4,2,0,1,2,3,4,5,6,7,8,9,10,11,12,13,14,15,16,17,18,19,20,10,10,2
2,207,0,10,2,0,7,2,4,7,0,0,0,0,0,0,0,0,0,0,0,0,0,0,0,0,0,0,0,0,0,0,0,2
1,220,0,10,0,0,20,2,4,7,0,0,1,2,3,4,5,6,7,8,9,10,10,11,12,13,14,20,20,20,20,10,0,2
1,215,0,10,4,0,15,2,4,7,0,0,0,0,0,0,0,0,0,0,0,0,0,0,0,0,2,5,10,15,20,0,0,2
1,216,0,10,6,20,16,2,4,0,0,2,3,4,4,5,5,5,5,8,9,10,10,10,10,15,20,20,20,20,20,7,5,2
4,219,0,1,8,8,19,2,5,8,0,0,0,0,16,15,15,20,20,7,7,9,8,8,8,10,10,10,5,20,20,8,20,1
2,207,0,1,9,8,7,2,5,8,0,0,0,0,0,0,0,0,0,0,0,0,0,0,0,0,0,0,0,0,0,0,0,1
1,204,0,1,10,10,4,2,5,7,0,0,0,0,0,5,6,7,8,9,10,12,13,14,15,16,18,19,20,20,20,6,10,1
4,202,0,1,4,5,2,2,5,9,10,14,11,19,12,10,15,18,14,10,9,12,13,8,7,6,14,15,19,18,20,16,12,1
2,214,0,2,13,10,14,2,5,7,0,0,0,0,0,0,0,0,0,0,0,0,0,0,0,0,0,0,0,0,0,0,0,1
1,212,0,2,9,10,12,2,5,7,0,0,0,0,0,0,0,0,0,0,0,0,5,5,5,5,5,5,5,5,5,0,0,1
2,221,0,2,6,0,21,2,5,10,0,0,0,0,0,0,0,0,0,0,0,0,0,0,0,0,0,0,0,0,0,0,0,1
1,223,0,2,12,10,23,2,5,7,0,1,1,2,3,4,5,6,7,8,9,10,11,12,13,14,15,17,18,19,20,5,11,1
2,211,0,3,10,0,11,2,5,6,0,0,0,0,0,0,0,0,0,0,0,0,0,0,0,0,0,0,0,0,0,0,0,1
1,223,0,3,9,8,23,2,5,3,0,1,1,2,3,4,5,6,7,8,9,10,11,12,13,14,15,17,18,19,20,5,8,1
1,216,0,3,12,5,16,2,5,4,0,2,3,4,4,5,5,5,5,8,9,10,10,10,10,15,20,20,20,20,20,7,10,1
1,205,0,3,4,5,5,2,5,4,0,0,0,1,1,2,3,3,4,4,4,6,8,10,10,12,12,14,16,17,17,15,1,1
2,214,0,4,15,15,14,2,5,2,0,0,0,0,0,0,0,0,0,0,0,0,0,0,0,0,0,0,0,0,0,0,0,1
4,224,0,4,3,1,24,2,5,7,2,2,2,2,2,2,2,1,1,1,1,1,1,1,0,0,0,0,0,0,0,2,2,1
1,205,0,4,9,2,5,2,5,6,0,0,0,1,1,2,3,3,4,4,4,6,8,10,10,12,12,14,16,17,17,15,4,1
2,203,0,4,5,3,3,2,5,6,0,0,0,0,0,0,0,0,0,0,0,0,0,0,0,0,0,0,0,0,0,0,0,1
4,202,0,5,7,8,2,2,5,7,10,14,11,19,12,10,15,18,14,10,9,12,13,8,7,6,14,15,19,18,20,16,18,1
3,210,0,5,6,0,10,2,5,9,0,0,1,1,2,2,3,3,3,4,4,3,2,2,0,0,0,0,0,0,0,0,3,1
1,205,0,5,14,12,5,2,5,5,0,0,0,1,1,2,3,3,4,4,4,6,8,10,10,12,12,14,16,17,17,15,10,1
4,219,0,5,9,8,19,2,5,7,0,0,0,0,16,15,15,20,20,7,7,9,8,8,8,10,10,10,5,20,20,8,7,1
4,217,0,6,4,0,17,2,5,0,0,0,0,0,0,0,0,0,0,0,10,0,0,0,0,0,0,0,0,0,20,0,0,2
2,221,0,6,4,0,21,2,5,0,0,0,0,0,0,0,0,0,0,0,0,0,0,0,0,0,0,0,0,0,0,0,0,2
1,209,0,6,7,0,9,2,5,0,0,1,2,3,4,5,6,7,8,9,10,11,12,13,14,15,16,17,18,19,20,0,7,2
2,218,0,6,5,0,18,2,5,0,0,0,0,0,0,0,0,0,0,0,0,0,0,0,0,0,0,0,0,0,0,0,0,2
2,207,0,7,3,0,7,2,5,2,0,0,0,0,0,0,0,0,0,0,0,0,0,0,0,0,0,0,0,0,0,0,0,2
2,221,0,7,3,0,21,2,5,2,0,0,0,0,0,0,0,0,0,0,0,0,0,0,0,0,0,0,0,0,0,0,0,2
2,214,0,7,11,5,14,2,5,0,0,0,0,0,0,0,0,0,0,0,0,0,0,0,0,0,0,0,0,0,0,0,0,2
2,208,0,7,4,0,8,2,5,2,0,0,0,0,0,0,0,0,0,0,0,0,0,0,0,0,0,0,0,0,0,0,0,2
1,206,0,8,10,10,6,2,5,1,0,1,2,3,4,5,6,7,8,9,10,11,12,13,14,15,16,17,18,19,20,10,10,2
1,220,0,8,3,0,20,2,5,4,0,0,1,2,3,4,5,6,7,8,9,10,10,11,12,13,14,20,20,20,20,10,2,2
2,211,0,8,3,0,11,2,5,4,0,0,0,0,0,0,0,0,0,0,0,0,0,0,0,0,0,0,0,0,0,0,0,2
2,203,0,8,3,2,3,2,5,3,0,0,0,0,0,0,0,0,0,0,0,0,0,0,0,0,0,0,0,0,0,0,0,2
4,217,0,9,3,1,17,2,5,3,0,0,0,0,0,0,0,0,0,0,10,0,0,0,0,0,0,0,0,0,20,0,0,2
1,209,0,9,5,3,9,2,5,2,0,1,2,3,4,5,6,7,8,9,10,11,12,13,14,15,16,17,18,19,20,0,5,2
1,204,0,9,2,3,4,2,5,2,0,0,0,0,0,5,6,7,8,9,10,12,13,14,15,16,18,19,20,20,20,6,0,2
4,202,0,9,5,2,2,2,5,2,10,14,11,19,12,10,15,18,14,10,9,12,13,8,7,6,14,15,19,18,20,16,10,2
2,208,0,10,4,0,8,2,5,0,0,0,0,0,0,0,0,0,0,0,0,0,0,0,0,0,0,0,0,0,0,0,0,2
2,218,0,10,3,0,18,2,5,0,0,0,0,0,0,0,0,0,0,0,0,0,0,0,0,0,0,0,0,0,0,0,0,2
1,223,0,10,4,0,23,2,5,0,0,1,1,2,3,4,5,6,7,8,9,10,11,12,13,14,15,17,18,19,20,5,3,2
1,205,0,10,3,1,5,2,5,0,0,0,0,1,1,2,3,3,4,4,4,6,8,10,10,12,12,14,16,17,17,15,1,2
1,223,0,1,19,20,23,2,6,4,0,1,1,2,3,4,5,6,7,8,9,10,11,12,13,14,15,17,18,19,20,5,19,1
4,224,0,1,5,3,24,2,6,9,2,2,2,2,2,2,2,1,1,1,1,1,1,1,0,0,0,0,0,0,0,2,2,1
2,208,0,1,12,7,8,2,6,8,0,0,0,0,0,0,0,0,0,0,0,0,0,0,0,0,0,0,0,0,0,0,0,1
1,209,0,1,1,1,9,2,6,10,0,1,2,3,4,5,6,7,8,9,10,11,12,13,14,15,16,17,18,19,20,0,1,1
4,222,0,2,15,2,22,2,6,10,15,14,16,8,9,7,15,12,10,20,0,0,1,2,0,4,5,8,3,8,12,20,4,1
2,207,0,2,10,9,7,2,6,7,0,0,0,0,0,0,0,0,0,0,0,0,0,0,0,0,0,0,0,0,0,0,0,1
2,211,0,2,10,0,11,2,6,10,0,0,0,0,0,0,0,0,0,0,0,0,0,0,0,0,0,0,0,0,0,0,0,1
3,210,0,2,20,20,10,2,6,4,0,0,1,1,2,2,3,3,3,4,4,3,2,2,0,0,0,0,0,0,0,0,0,1
2,214,0,3,10,10,14,2,6,1,0,0,0,0,0,0,0,0,0,0,0,0,0,0,0,0,0,0,0,0,0,0,0,1
2,203,0,3,9,3,3,2,6,3,0,0,0,0,0,0,0,0,0,0,0,0,0,0,0,0,0,0,0,0,0,0,0,1
2,218,0,3,9,0,18,2,6,4,0,0,0,0,0,0,0,0,0,0,0,0,0,0,0,0,0,0,0,0,0,0,0,1
4,224,0,3,3,0,24,2,6,4,2,2,2,2,2,2,2,1,1,1,1,1,1,1,0,0,0,0,0,0,0,2,2,1
2,213,0,4,3,0,13,2,6,10,0,0,0,0,0,0,0,0,0,0,0,0,0,0,0,0,0,0,0,0,0,0,0,1
1,204,0,4,10,11,4,2,6,7,0,0,0,0,0,5,6,7,8,9,10,12,13,14,15,16,18,19,20,20,20,6,10,1
1,220,0,4,5,10,20,2,6,7,0,0,1,2,3,4,5,6,7,8,9,10,10,11,12,13,14,20,20,20,20,10,4,1
1,212,0,4,10,10,12,2,6,7,0,0,0,0,0,0,0,0,0,0,0,0,5,5,5,5,5,5,5,5,5,0,0,1
1,209,0,5,5,2,9,2,6,1,0,1,2,3,4,5,6,7,8,9,10,11,12,13,14,15,16,17,18,19,20,0,5,1
2,214,0,5,7,0,14,2,6,2,0,0,0,0,0,0,0,0,0,0,0,0,0,0,0,0,0,0,0,0,0,0,0,1
2,211,0,5,5,0,11,2,6,2,0,0,0,0,0,0,0,0,0,0,0,0,0,0,0,0,0,0,0,0,0,0,0,1
2,207,0,5,5,4,7,2,6,1,0,0,0,0,0,0,0,0,0,0,0,0,0,0,0,0,0,0,0,0,0,0,0,1
4,224,0,6,4,5,24,2,6,1,2,2,2,2,2,2,2,1,1,1,1,1,1,1,0,0,0,0,0,0,0,2,2,2
2,211,0,6,3,0,11,2,6,3,0,0,0,0,0,0,0,0,0,0,0,0,0,0,0,0,0,0,0,0,0,0,0,2
1,205,0,6,7,3,5,2,6,2,0,0,0,1,1,2,3,3,4,4,4,6,8,10,10,12,12,14,16,17,17,15,3,2
2,208,0,6,4,0,8,2,6,3,0,0,0,0,0,0,0,0,0,0,0,0,0,0,0,0,0,0,0,0,0,0,0,2
1,223,0,7,6,5,23,2,6,3,0,1,1,2,3,4,5,6,7,8,9,10,11,12,13,14,15,17,18,19,20,5,5,2
1,216,0,7,4,5,16,2,6,3,0,2,3,4,4,5,5,5,5,8,9,10,10,10,10,15,20,20,20,20,20,7,4,2
2,203,0,7,4,3,3,2,6,3,0,0,0,0,0,0,0,0,0,0,0,0,0,0,0,0,0,0,0,0,0,0,0,2
2,211,0,7,3,0,11,2,6,4,0,0,0,0,0,0,0,0,0,0,0,0,0,0,0,0,0,0,0,0,0,0,0,2
2,207,0,8,3,0,7,2,6,2,0,0,0,0,0,0,0,0,0,0,0,0,0,0,0,0,0,0,0,0,0,0,0,2
4,222,0,8,16,0,22,2,6,2,15,14,16,8,9,7,15,12,10,20,0,0,1,2,0,4,5,8,3,8,12,20,5,2
4,219,0,8,5,4,19,2,6,0,0,0,0,0,16,15,15,20,20,7,7,9,8,8,8,10,10,10,5,20,20,8,15,2
4,224,0,8,1,1,24,2,6,1,2,2,2,2,2,2,2,1,1,1,1,1,1,1,0,0,0,0,0,0,0,2,2,2
1,216,0,9,8,10,16,2,6,3,0,2,3,4,4,5,5,5,5,8,9,10,10,10,10,15,20,20,20,20,20,7,5,2
1,223,0,9,6,10,23,2,6,3,0,1,1,2,3,4,5,6,7,8,9,10,11,12,13,14,15,17,18,19,20,5,5,2
2,211,0,9,4,0,11,2,6,7,0,0,0,0,0,0,0,0,0,0,0,0,0,0,0,0,0,0,0,0,0,0,0,2
1,215,0,9,3,0,15,2,6,7,0,0,0,0,0,0,0,0,0,0,0,0,0,0,0,0,2,5,10,15,20,0,0,2
1,201,0,10,5,5,1,2,6,3,0,1,2,3,4,5,6,7,8,9,9,10,11,12,13,14,15,16,17,18,19,7,5,2
2,203,0,10,3,0,3,2,6,4,0,0,0,0,0,0,0,0,0,0,0,0,0,0,0,0,0,0,0,0,0,0,0,2
4,202,0,10,4,3,2,2,6,3,10,14,11,19,12,10,15,18,14,10,9,12,13,8,7,6,14,15,19,18,20,16,12,2
4,222,0,10,17,5,22,2,6,3,15,14,16,8,9,7,15,12,10,20,0,0,1,2,0,4,5,8,3,8,12,20,8,2
4,306,0,1,7,11,6,3,1,14,11,2,3,4,5,6,11,12,13,11,18,0,16,9,9,3,10,11,18,9,10,8,12,1
3,318,0,1,12,14,18,3,1,13,0,0,2,3,3,3,3,4,4,5,6,0,0,0,0,0,0,0,0,0,0,4,0,1
2,305,0,1,10,20,5,3,1,11,0,0,0,0,0,0,0,0,0,0,0,0,0,0,0,0,0,0,0,0,0,0,0,1
3,311,0,1,8,8,11,3,1,15,0,1,2,3,4,5,6,7,8,9,10,9,8,7,6,5,4,3,2,1,0,2,8,1
1,317,0,2,20,1,17,3,1,12,0,1,1,1,1,1,1,1,1,1,1,1,1,1,1,1,1,1,1,1,1,1,1,1
2,305,0,2,8,20,5,3,1,6,0,0,0,0,0,0,0,0,0,0,0,0,0,0,0,0,0,0,0,0,0,0,0,1
3,307,0,2,10,14,7,3,1,8,0,1,3,3,4,4,4,5,4,4,5,6,6,6,5,4,4,4,3,2,0,3,5,1
1,312,0,2,7,2,12,3,1,12,1,3,2,4,2,3,4,5,6,6,5,6,8,6,7,6,9,5,7,8,8,3,5,1
1,317,0,3,8,1,17,3,1,10,0,1,1,1,1,1,1,1,1,1,1,1,1,1,1,1,1,1,1,1,1,1,1,1
1,302,0,3,17,20,2,3,1,4,0,0,0,0,0,0,0,0,0,0,0,20,20,20,20,20,20,20,20,20,20,0,20,1
3,311,0,3,12,8,11,3,1,8,0,1,2,3,4,5,6,7,8,9,10,9,8,7,6,5,4,3,2,1,0,2,8,1
1,312,0,3,9,3,12,3,1,10,1,3,2,4,2,3,4,5,6,6,5,6,8,6,7,6,9,5,7,8,8,3,6,1
1,309,0,4,6,6,9,3,1,8,0,2,3,4,5,6,7,8,9,10,20,20,20,20,20,20,20,20,20,20,20,6,7,1
1,312,0,4,6,4,12,3,1,9,1,3,2,4,2,3,4,5,6,6,5,6,8,6,7,6,9,5,7,8,8,3,4,1
2,308,0,4,8,0,8,3,1,10,0,0,0,0,0,0,0,0,0,0,0,0,0,0,0,0,0,0,0,0,0,0,0,1
2,313,0,4,10,20,13,3,1,3,0,0,0,0,0,0,0,0,0,0,0,0,0,0,0,0,0,0,0,0,0,20,0,1
1,316,0,5,6,0,16,3,1,2,0,0,0,0,0,0,0,0,0,0,0,1,3,5,7,9,11,13,15,17,19,0,0,1
1,312,0,5,10,5,12,3,1,0,1,3,2,4,2,3,4,5,6,6,5,6,8,6,7,6,9,5,7,8,8,3,5,1
1,317,0,5,10,1,17,3,1,2,0,1,1,1,1,1,1,1,1,1,1,1,1,1,1,1,1,1,1,1,1,1,1,1
1,301,0,5,8,0,1,3,1,2,0,0,0,0,0,0,0,0,0,0,0,0,0,0,0,0,1,1,2,2,3,0,0,1
1,309,0,6,6,6,9,3,1,0,0,2,3,4,5,6,7,8,9,10,20,20,20,20,20,20,20,20,20,20,20,6,7,2
2,303,0,6,6,0,3,3,1,2,0,0,0,0,0,0,0,0,0,0,0,0,0,0,0,0,0,0,0,0,0,0,0,2
4,320,0,6,5,0,20,3,1,2,20,20,20,20,20,20,20,20,20,20,20,20,20,20,20,20,20,20,20,20,20,0,20,2
2,308,0,6,7,0,8,3,1,2,0,0,0,0,0,0,0,0,0,0,0,0,0,0,0,0,0,0,0,0,0,0,0,2
2,303,0,7,2,0,3,3,1,2,0,0,0,0,0,0,0,0,0,0,0,0,0,0,0,0,0,0,0,0,0,0,0,2
1,309,0,7,6,6,9,3,1,0,0,2,3,4,5,6,7,8,9,10,20,20,20,20,20,20,20,20,20,20,20,6,7,2
2,308,0,7,3,0,8,3,1,2,0,0,0,0,0,0,0,0,0,0,0,0,0,0,0,0,0,0,0,0,0,0,0,2
1,302,0,7,6,0,2,3,1,2,0,0,0,0,0,0,0,0,0,0,0,20,20,20,20,20,20,20,20,20,20,0,0,2
4,306,0,8,4,10,6,3,1,3,11,2,3,4,5,6,11,12,13,11,18,0,16,9,9,3,10,11,18,9,10,8,5,2
2,304,0,8,4,10,4,3,1,3,0,0,0,0,0,0,0,0,0,0,0,0,0,0,0,0,0,0,0,0,0,0,0,2
1,319,0,8,8,0,19,3,1,7,0,0,0,5,5,5,5,8,10,10,10,10,10,15,15,17,17,18,20,20,20,18,10,2
4,320,0,8,3,0,20,3,1,7,20,20,20,20,20,20,20,20,20,20,20,20,20,20,20,20,20,20,20,20,20,0,20,2
3,311,0,9,2,0,11,3,1,1,0,1,2,3,4,5,6,7,8,9,10,9,8,7,6,5,4,3,2,1,0,2,2,2
1,317,0,9,5,1,17,3,1,1,0,1,1,1,1,1,1,1,1,1,1,1,1,1,1,1,1,1,1,1,1,1,1,2
2,305,0,9,0,0,5,3,1,1,0,0,0,0,0,0,0,0,0,0,0,0,0,0,0,0,0,0,0,0,0,0,0,2
1,316,0,9,3,2,16,3,1,0,0,0,0,0,0,0,0,0,0,0,0,1,3,5,7,9,11,13,15,17,19,0,0,2
2,308,0,10,1,0,8,3,1,2,0,0,0,0,0,0,0,0,0,0,0,0,0,0,0,0,0,0,0,0,0,0,0,2
2,303,0,10,2,0,3,3,1,2,0,0,0,0,0,0,0,0,0,0,0,0,0,0,0,0,0,0,0,0,0,0,0,2
1,312,0,10,1,6,12,3,1,0,1,3,2,4,2,3,4,5,6,6,5,6,8,6,7,6,9,5,7,8,8,3,3,2
1,301,0,10,0,0,1,3,1,2,0,0,0,0,0,0,0,0,0,0,0,0,0,0,0,0,1,1,2,2,3,0,0,2
1,314,0,1,5,5,14,3,2,12,0,0,1,2,3,5,5,6,7,7,8,8,8,9,9,10,10,10,10,11,13,4,5,1
1,319,0,1,14,17,19,3,2,8,0,0,0,5,5,5,5,8,10,10,10,10,10,15,15,17,17,18,20,20,20,18,15,1
1,302,0,1,19,20,2,3,2,7,0,0,0,0,0,0,0,0,0,0,0,20,20,20,20,20,20,20,20,20,20,0,20,1
4,320,0,1,5,0,20,3,2,14,20,20,20,20,20,20,20,20,20,20,20,20,20,20,20,20,20,20,20,20,20,0,20,1
1,301,0,2,8,6,1,3,2,11,0,0,0,0,0,0,0,0,0,0,0,0,0,0,0,0,1,1,2,2,3,0,0,1
1,319,0,2,15,15,19,3,2,8,0,0,0,5,5,5,5,8,10,10,10,10,10,15,15,17,17,18,20,20,20,18,17,1
1,315,0,2,8,10,15,3,2,9,0,1,1,2,3,4,5,6,7,8,9,10,11,12,13,14,15,16,17,18,19,4,7,1
1,314,0,2,10,7,14,3,2,10,0,0,1,2,3,5,5,6,7,7,8,8,8,9,9,10,10,10,10,11,13,4,8,1
2,305,0,3,5,20,5,3,2,13,0,0,0,0,0,0,0,0,0,0,0,0,0,0,0,0,0,0,0,0,0,0,0,1
1,316,0,3,3,0,16,3,2,19,0,0,0,0,0,0,0,0,0,0,0,1,3,5,7,9,11,13,15,17,19,0,0,1
1,310,0,3,13,20,10,3,2,13,0,0,0,0,0,0,0,0,0,0,0,0,0,0,0,20,20,20,20,20,20,10,0,1
3,307,0,3,13,18,7,3,2,13,0,1,3,3,4,4,4,5,4,4,5,6,6,6,5,4,4,4,3,2,0,3,6,1
1,302,0,4,17,20,2,3,2,1,0,0,0,0,0,0,0,0,0,0,0,20,20,20,20,20,20,20,20,20,20,0,20,1
4,320,0,4,2,0,20,3,2,7,20,20,20,20,20,20,20,20,20,20,20,20,20,20,20,20,20,20,20,20,20,0,20,1
1,314,0,4,6,0,14,3,2,7,0,0,1,2,3,5,5,6,7,7,8,8,8,9,9,10,10,10,10,11,13,4,5,1
1,319,0,4,9,2,19,3,2,7,0,0,0,5,5,5,5,8,10,10,10,10,10,15,15,17,17,18,20,20,20,18,10,1
3,307,0,5,11,15,7,3,2,3,0,1,3,3,4,4,4,5,4,4,5,6,6,6,5,4,4,4,3,2,0,3,6,1
2,313,0,5,6,0,13,3,2,8,0,0,0,0,0,0,0,0,0,0,0,0,0,0,0,0,0,0,0,0,0,20,0,1
1,314,0,5,8,4,14,3,2,7,0,0,1,2,3,5,5,6,7,7,8,8,8,9,9,10,10,10,10,11,13,4,7,1
1,309,0,5,6,6,9,3,2,6,0,2,3,4,5,6,7,8,9,10,20,20,20,20,20,20,20,20,20,20,20,6,7,1
2,304,0,6,4,2,4,3,2,7,0,0,0,0,0,0,0,0,0,0,0,0,0,0,0,0,0,0,0,0,0,0,0,2
1,312,0,6,2,1,12,3,2,7,1,3,2,4,2,3,4,5,6,6,5,6,8,6,7,6,9,5,7,8,8,3,2,2
2,305,0,6,3,0,5,3,2,8,0,0,0,0,0,0,0,0,0,0,0,0,0,0,0,0,0,0,0,0,0,0,0,2
1,302,0,6,13,20,2,3,2,1,0,0,0,0,0,0,0,0,0,0,0,20,20,20,20,20,20,20,20,20,20,0,20,2
3,318,0,7,6,8,18,3,2,1,0,0,2,3,3,3,3,4,4,5,6,0,0,0,0,0,0,0,0,0,0,4,3,2
4,320,0,7,2,0,20,3,2,4,20,20,20,20,20,20,20,20,20,20,20,20,20,20,20,20,20,20,20,20,20,0,20,2
2,304,0,7,5,2,4,3,2,3,0,0,0,0,0,0,0,0,0,0,0,0,0,0,0,0,0,0,0,0,0,0,0,2
4,306,0,7,4,1,6,3,2,3,11,2,3,4,5,6,11,12,13,11,18,0,16,9,9,3,10,11,18,9,10,8,5,2
2,305,0,8,1,0,5,3,2,1,0,0,0,0,0,0,0,0,0,0,0,0,0,0,0,0,0,0,0,0,0,0,0,2
3,311,0,8,5,2,11,3,2,0,0,1,2,3,4,5,6,7,8,9,10,9,8,7,6,5,4,3,2,1,0,2,5,2
1,314,0,8,4,0,14,3,2,1,0,0,1,2,3,5,5,6,7,7,8,8,8,9,9,10,10,10,10,11,13,4,3,2
2,303,0,8,2,0,3,3,2,1,0,0,0,0,0,0,0,0,0,0,0,0,0,0,0,0,0,0,0,0,0,0,0,2
3,307,0,9,3,2,7,3,2,1,0,1,3,3,4,4,4,5,4,4,5,6,6,6,5,4,4,4,3,2,0,3,3,2
1,312,0,9,3,2,12,3,2,1,1,3,2,4,2,3,4,5,6,6,5,6,8,6,7,6,9,5,7,8,8,3,4,2
2,308,0,9,1,0,8,3,2,1,0,0,0,0,0,0,0,0,0,0,0,0,0,0,0,0,0,0,0,0,0,0,0,2
1,315,0,9,2,0,15,3,2,1,0,1,1,2,3,4,5,6,7,8,9,10,11,12,13,14,15,16,17,18,19,4,1,2
2,305,0,10,1,0,5,3,2,1,0,0,0,0,0,0,0,0,0,0,0,0,0,0,0,0,0,0,0,0,0,0,0,2
1,310,0,10,1,0,10,3,2,1,0,0,0,0,0,0,0,0,0,0,0,0,0,0,0,20,20,20,20,20,20,10,0,2
1,316,0,10,1,3,16,3,2,0,0,0,0,0,0,0,0,0,0,0,0,1,3,5,7,9,11,13,15,17,19,0,0,2
2,313,0,10,0,0,13,3,2,1,0,0,0,0,0,0,0,0,0,0,0,0,0,0,0,0,0,0,0,0,0,20,0,2
2,313,0,1,20,20,13,3,3,0,0,0,0,0,0,0,0,0,0,0,0,0,0,0,0,0,0,0,0,0,0,20,0,1
2,308,0,1,10,0,8,3,3,7,0,0,0,0,0,0,0,0,0,0,0,0,0,0,0,0,0,0,0,0,0,0,0,1
1,316,0,1,6,0,16,3,3,7,0,0,0,0,0,0,0,0,0,0,0,1,3,5,7,9,11,13,15,17,19,0,0,1
1,317,0,1,15,1,17,3,3,7,0,1,1,1,1,1,1,1,1,1,1,1,1,1,1,1,1,1,1,1,1,1,1,1
1,310,0,2,18,20,10,3,3,10,0,0,0,0,0,0,0,0,0,0,0,0,0,0,0,20,20,20,20,20,20,10,20,1
4,320,0,2,8,0,20,3,3,17,20,20,20,20,20,20,20,20,20,20,20,20,20,20,20,20,20,20,20,20,20,0,20,1
2,313,0,2,12,20,13,3,3,10,0,0,0,0,0,0,0,0,0,0,0,0,0,0,0,0,0,0,0,0,0,20,0,1
4,306,0,2,10,11,6,3,3,13,11,2,3,4,5,6,11,12,13,11,18,0,16,9,9,3,10,11,18,9,10,8,18,1
4,306,0,3,12,11,6,3,3,6,11,2,3,4,5,6,11,12,13,11,18,0,16,9,9,3,10,11,18,9,10,8,16,1
1,314,0,3,10,3,14,3,3,8,0,0,1,2,3,5,5,6,7,7,8,8,8,9,9,10,10,10,10,11,13,4,8,1
1,319,0,3,10,5,19,3,3,8,0,0,0,5,5,5,5,8,10,10,10,10,10,15,15,17,17,18,20,20,20,18,10,1
1,315,0,3,10,9,15,3,3,6,0,1,1,2,3,4,5,6,7,8,9,10,11,12,13,14,15,16,17,18,19,4,9,1
2,305,0,4,7,10,5,3,3,4,0,0,0,0,0,0,0,0,0,0,0,0,0,0,0,0,0,0,0,0,0,0,0,1
1,315,0,4,7,8,15,3,3,5,0,1,1,2,3,4,5,6,7,8,9,10,11,12,13,14,15,16,17,18,19,4,6,1
2,303,0,4,7,0,3,3,3,8,0,0,0,0,0,0,0,0,0,0,0,0,0,0,0,0,0,0,0,0,0,0,0,1
3,318,0,4,10,5,18,3,3,6,0,0,2,3,3,3,3,4,4,5,6,0,0,0,0,0,0,0,0,0,0,4,6,1
2,303,0,5,10,0,3,3,3,7,0,0,0,0,0,0,0,0,0,0,0,0,0,0,0,0,0,0,0,0,0,0,0,1
4,320,0,5,6,0,20,3,3,7,20,20,20,20,20,20,20,20,20,20,20,20,20,20,20,20,20,20,20,20,20,0,20,1
1,310,0,5,9,20,10,3,3,0,0,0,0,0,0,0,0,0,0,0,0,0,0,0,0,20,20,20,20,20,20,10,0,1
2,305,0,5,4,0,5,3,3,7,0,0,0,0,0,0,0,0,0,0,0,0,0,0,0,0,0,0,0,0,0,0,0,1
1,301,0,6,7,0,1,3,3,3,0,0,0,0,0,0,0,0,0,0,0,0,0,0,0,0,1,1,2,2,3,0,0,2
1,316,0,6,6,0,16,3,3,3,0,0,0,0,0,0,0,0,0,0,0,1,3,5,7,9,11,13,15,17,19,0,0,2
2,313,0,6,7,0,13,3,3,3,0,0,0,0,0,0,0,0,0,0,0,0,0,0,0,0,0,0,0,0,0,20,0,2
1,315,0,6,8,10,15,3,3,0,0,1,1,2,3,4,5,6,7,8,9,10,11,12,13,14,15,16,17,18,19,4,7,2
1,315,0,7,8,7,15,3,3,2,0,1,1,2,3,4,5,6,7,8,9,10,11,12,13,14,15,16,17,18,19,4,7,2
2,313,0,7,3,0,13,3,3,4,0,0,0,0,0,0,0,0,0,0,0,0,0,0,0,0,0,0,0,0,0,20,0,2
3,307,0,7,5,5,7,3,3,3,0,1,3,3,4,4,4,5,4,4,5,6,6,6,5,4,4,4,3,2,0,3,4,2
1,317,0,7,6,1,17,3,3,4,0,1,1,1,1,1,1,1,1,1,1,1,1,1,1,1,1,1,1,1,1,1,1,2
1,315,0,8,4,8,15,3,3,1,0,1,1,2,3,4,5,6,7,8,9,10,11,12,13,14,15,16,17,18,19,4,3,2
1,317,0,8,5,1,17,3,3,3,0,1,1,1,1,1,1,1,1,1,1,1,1,1,1,1,1,1,1,1,1,1,1,2
2,313,0,8,3,0,13,3,3,3,0,0,0,0,0,0,0,0,0,0,0,0,0,0,0,0,0,0,0,0,0,20,0,2
1,316,0,8,3,1,16,3,3,3,0,0,0,0,0,0,0,0,0,0,0,1,3,5,7,9,11,13,15,17,19,0,0,2
1,301,0,9,1,0,1,3,3,0,0,0,0,0,0,0,0,0,0,0,0,0,0,0,0,0,1,1,2,2,3,0,0,2
1,302,0,9,3,0,2,3,3,0,0,0,0,0,0,0,0,0,0,0,0,20,20,20,20,20,20,20,20,20,20,0,0,2
2,313,0,9,3,0,13,3,3,0,0,0,0,0,0,0,0,0,0,0,0,0,0,0,0,0,0,0,0,0,0,20,0,2
1,319,0,9,8,0,19,3,3,0,0,0,0,5,5,5,5,8,10,10,10,10,10,15,15,17,17,18,20,20,20,18,10,2
3,311,0,10,1,0,11,3,3,4,0,1,2,3,4,5,6,7,8,9,10,9,8,7,6,5,4,3,2,1,0,2,1,2
3,307,0,10,0,0,7,3,3,4,0,1,3,3,4,4,4,5,4,4,5,6,6,6,5,4,4,4,3,2,0,3,0,2
1,319,0,10,6,5,19,3,3,2,0,0,0,5,5,5,5,8,10,10,10,10,10,15,15,17,17,18,20,20,20,18,5,2
1,309,0,10,6,6,9,3,3,2,0,2,3,4,5,6,7,8,9,10,20,20,20,20,20,20,20,20,20,20,20,6,7,2
1,301,0,1,5,0,1,3,4,9,0,0,0,0,0,0,0,0,0,0,0,0,0,0,0,0,1,1,2,2,3,0,0,1
1,309,0,1,5,5,9,3,4,7,0,2,3,4,5,6,7,8,9,10,20,20,20,20,20,20,20,20,20,20,20,6,6,1
1,310,0,1,18,20,10,3,4,2,0,0,0,0,0,0,0,0,0,0,0,0,0,0,0,20,20,20,20,20,20,10,20,1
1,312,0,1,3,1,12,3,4,8,1,3,2,4,2,3,4,5,6,6,5,6,8,6,7,6,9,5,7,8,8,3,4,1
2,308,0,2,20,0,8,3,4,5,0,0,0,0,0,0,0,0,0,0,0,0,0,0,0,0,0,0,0,0,0,0,0,1
2,304,0,2,9,9,4,3,4,2,0,0,0,0,0,0,0,0,0,0,0,0,0,0,0,0,0,0,0,0,0,0,0,1
1,309,0,2,6,7,9,3,4,3,0,2,3,4,5,6,7,8,9,10,20,20,20,20,20,20,20,20,20,20,20,6,7,1
1,316,0,2,5,0,16,3,4,5,0,0,0,0,0,0,0,0,0,0,0,1,3,5,7,9,11,13,15,17,19,0,0,1
3,318,0,3,12,10,18,3,4,0,0,0,2,3,3,3,3,4,4,5,6,0,0,0,0,0,0,0,0,0,0,4,0,1
2,304,0,3,5,0,4,3,4,3,0,0,0,0,0,0,0,0,0,0,0,0,0,0,0,0,0,0,0,0,0,0,0,1
4,320,0,3,11,0,20,3,4,3,20,20,20,20,20,20,20,20,20,20,20,20,20,20,20,20,20,20,20,20,20,0,20,1
2,303,0,3,10,0,3,3,4,3,0,0,0,0,0,0,0,0,0,0,0,0,0,0,0,0,0,0,0,0,0,0,0,1
2,304,0,4,5,2,4,3,4,7,0,0,0,0,0,0,0,0,0,0,0,0,0,0,0,0,0,0,0,0,0,0,0,1
3,307,0,4,14,20,7,3,4,1,0,1,3,3,4,4,4,5,4,4,5,6,6,6,5,4,4,4,3,2,0,3,5,1
1,316,0,4,10,0,16,3,4,7,0,0,0,0,0,0,0,0,0,0,0,1,3,5,7,9,11,13,15,17,19,0,0,1
1,301,0,4,8,0,1,3,4,7,0,0,0,0,0,0,0,0,0,0,0,0,0,0,0,0,1,1,2,2,3,0,0,1
1,319,0,5,8,0,19,3,4,12,0,0,0,5,5,5,5,8,10,10,10,10,10,15,15,17,17,18,20,20,20,18,10,1
3,311,0,5,12,7,11,3,4,10,0,1,2,3,4,5,6,7,8,9,10,9,8,7,6,5,4,3,2,1,0,2,8,1
1,302,0,5,16,20,2,3,4,6,0,0,0,0,0,0,0,0,0,0,0,20,20,20,20,20,20,20,20,20,20,0,20,1
1,315,0,5,6,10,15,3,4,9,0,1,1,2,3,4,5,6,7,8,9,10,11,12,13,14,15,16,17,18,19,4,5,1
3,307,0,6,6,5,7,3,4,4,0,1,3,3,4,4,4,5,4,4,5,6,6,6,5,4,4,4,3,2,0,3,4,2
1,310,0,6,0,0,10,3,4,6,0,0,0,0,0,0,0,0,0,0,0,0,0,0,0,20,20,20,20,20,20,10,0,2
1,317,0,6,8,1,17,3,4,5,0,1,1,1,1,1,1,1,1,1,1,1,1,1,1,1,1,1,1,1,1,1,1,2
4,306,0,6,7,11,6,3,4,2,11,2,3,4,5,6,11,12,13,11,18,0,16,9,9,3,10,11,18,9,10,8,12,2
1,310,0,7,0,0,10,3,4,1,0,0,0,0,0,0,0,0,0,0,0,0,0,0,0,20,20,20,20,20,20,10,0,2
1,316,0,7,5,0,16,3,4,1,0,0,0,0,0,0,0,0,0,0,0,1,3,5,7,9,11,13,15,17,19,0,0,2
1,314,0,7,5,3,14,3,4,0,0,0,1,2,3,5,5,6,7,7,8,8,8,9,9,10,10,10,10,11,13,4,5,2
2,305,0,7,6,0,5,3,4,1,0,0,0,0,0,0,0,0,0,0,0,0,0,0,0,0,0,0,0,0,0,0,0,2
3,307,0,8,4,3,7,3,4,3,0,1,3,3,4,4,4,5,4,4,5,6,6,6,5,4,4,4,3,2,0,3,4,2
1,312,0,8,4,4,12,3,4,2,1,3,2,4,2,3,4,5,6,6,5,6,8,6,7,6,9,5,7,8,8,3,2,2
1,309,0,8,4,4,9,3,4,2,0,2,3,4,5,6,7,8,9,10,20,20,20,20,20,20,20,20,20,20,20,6,5,2
1,302,0,8,3,0,2,3,4,4,0,0,0,0,0,0,0,0,0,0,0,20,20,20,20,20,20,20,20,20,20,0,0,2
1,310,0,9,1,0,10,3,4,2,0,0,0,0,0,0,0,0,0,0,0,0,0,0,0,20,20,20,20,20,20,10,0,2
1,314,0,9,3,3,14,3,4,1,0,0,1,2,3,5,5,6,7,7,8,8,8,9,9,10,10,10,10,11,13,4,2,2
2,304,0,9,5,4,4,3,4,1,0,0,0,0,0,0,0,0,0,0,0,0,0,0,0,0,0,0,0,0,0,0,0,2
4,320,0,9,5,0,20,3,4,2,20,20,20,20,20,20,20,20,20,20,20,20,20,20,20,20,20,20,20,20,20,0,20,2
1,302,0,10,0,0,2,3,4,1,0,0,0,0,0,0,0,0,0,0,0,20,20,20,20,20,20,20,20,20,20,0,0,2
1,317,0,10,4,1,17,3,4,0,0,1,1,1,1,1,1,1,1,1,1,1,1,1,1,1,1,1,1,1,1,1,1,2
4,320,0,10,3,0,20,3,4,1,20,20,20,20,20,20,20,20,20,20,20,20,20,20,20,20,20,20,20,20,20,0,20,2
1,314,0,10,5,1,14,3,4,0,0,0,1,2,3,5,5,6,7,7,8,8,8,9,9,10,10,10,10,11,13,4,5,2
1,315,0,1,7,8,15,3,5,8,0,1,1,2,3,4,5,6,7,8,9,10,11,12,13,14,15,16,17,18,19,4,6,1
3,307,0,1,3,17,7,3,5,5,0,1,3,3,4,4,4,5,4,4,5,6,6,6,5,4,4,4,3,2,0,3,3,1
2,304,0,1,9,8,4,3,5,8,0,0,0,0,0,0,0,0,0,0,0,0,0,0,0,0,0,0,0,0,0,0,0,1
2,303,0,1,13,0,3,3,5,11,0,0,0,0,0,0,0,0,0,0,0,0,0,0,0,0,0,0,0,0,0,0,0,1
1,302,0,2,18,20,2,3,5,9,0,0,0,0,0,0,0,0,0,0,0,20,20,20,20,20,20,20,20,20,20,0,20,1
3,318,0,2,13,16,18,3,5,10,0,0,2,3,3,3,3,4,4,5,6,0,0,0,0,0,0,0,0,0,0,4,0,1
3,311,0,2,12,10,11,3,5,12,0,1,2,3,4,5,6,7,8,9,10,9,8,7,6,5,4,3,2,1,0,2,8,1
2,303,0,2,9,0,3,3,5,15,0,0,0,0,0,0,0,0,0,0,0,0,0,0,0,0,0,0,0,0,0,0,0,1
1,301,0,3,8,0,1,3,5,9,0,0,0,0,0,0,0,0,0,0,0,0,0,0,0,0,1,1,2,2,3,0,0,1
2,313,0,3,15,20,13,3,5,2,0,0,0,0,0,0,0,0,0,0,0,0,0,0,0,0,0,0,0,0,0,20,0,1
1,309,0,3,6,6,9,3,5,7,0,2,3,4,5,6,7,8,9,10,20,20,20,20,20,20,20,20,20,20,20,6,7,1
2,308,0,3,20,0,8,3,5,9,0,0,0,0,0,0,0,0,0,0,0,0,0,0,0,0,0,0,0,0,0,0,0,1
1,317,0,4,7,1,17,3,5,14,0,1,1,1,1,1,1,1,1,1,1,1,1,1,1,1,1,1,1,1,1,1,1,1
3,311,0,4,9,5,11,3,5,13,0,1,2,3,4,5,6,7,8,9,10,9,8,7,6,5,4,3,2,1,0,2,9,1
1,310,0,4,13,20,10,3,5,8,0,0,0,0,0,0,0,0,0,0,0,0,0,0,0,20,20,20,20,20,20,10,0,1
4,306,0,4,9,18,6,3,5,9,11,2,3,4,5,6,11,12,13,11,18,0,16,9,9,3,10,11,18,9,10,8,11,1
2,304,0,5,5,3,4,3,5,1,0,0,0,0,0,0,0,0,0,0,0,0,0,0,0,0,0,0,0,0,0,0,0,1
2,308,0,5,10,0,8,3,5,2,0,0,0,0,0,0,0,0,0,0,0,0,0,0,0,0,0,0,0,0,0,0,0,1
3,318,0,5,6,0,18,3,5,2,0,0,2,3,3,3,3,4,4,5,6,0,0,0,0,0,0,0,0,0,0,4,3,1
4,306,0,5,5,2,6,3,5,1,11,2,3,4,5,6,11,12,13,11,18,0,16,9,9,3,10,11,18,9,10,8,6,1
3,318,0,6,5,5,18,3,5,5,0,0,2,3,3,3,3,4,4,5,6,0,0,0,0,0,0,0,0,0,0,4,3,2
1,319,0,6,10,3,19,3,5,6,0,0,0,5,5,5,5,8,10,10,10,10,10,15,15,17,17,18,20,20,20,18,10,2
3,311,0,6,11,10,11,3,5,3,0,1,2,3,4,5,6,7,8,9,10,9,8,7,6,5,4,3,2,1,0,2,9,2
1,314,0,6,5,2,14,3,5,6,0,0,1,2,3,5,5,6,7,7,8,8,8,9,9,10,10,10,10,11,13,4,5,2
1,301,0,7,5,0,1,3,5,5,0,0,0,0,0,0,0,0,0,0,0,0,0,0,0,0,1,1,2,2,3,0,0,2
1,319,0,7,10,12,19,3,5,1,0,0,0,5,5,5,5,8,10,10,10,10,10,15,15,17,17,18,20,20,20,18,10,2
3,311,0,7,5,0,11,3,5,5,0,1,2,3,4,5,6,7,8,9,10,9,8,7,6,5,4,3,2,1,0,2,5,2
1,312,0,7,6,3,12,3,5,4,1,3,2,4,2,3,4,5,6,6,5,6,8,6,7,6,9,5,7,8,8,3,4,2
1,310,0,8,0,0,10,3,5,1,0,0,0,0,0,0,0,0,0,0,0,0,0,0,0,20,20,20,20,20,20,10,0,2
1,301,0,8,5,0,1,3,5,1,0,0,0,0,0,0,0,0,0,0,0,0,0,0,0,0,1,1,2,2,3,0,0,2
3,318,0,8,2,2,18,3,5,0,0,0,2,3,3,3,3,4,4,5,6,0,0,0,0,0,0,0,0,0,0,4,2,2
2,308,0,8,2,0,8,3,5,1,0,0,0,0,0,0,0,0,0,0,0,0,0,0,0,0,0,0,0,0,0,0,0,2
2,303,0,9,0,0,3,3,5,8,0,0,0,0,0,0,0,0,0,0,0,0,0,0,0,0,0,0,0,0,0,0,0,2
4,306,0,9,8,20,6,3,5,2,11,2,3,4,5,6,11,12,13,11,18,0,16,9,9,3,10,11,18,9,10,8,13,2
1,309,0,9,4,5,9,3,5,7,0,2,3,4,5,6,7,8,9,10,20,20,20,20,20,20,20,20,20,20,20,6,5,2
3,318,0,9,2,0,18,3,5,8,0,0,2,3,3,3,3,4,4,5,6,0,0,0,0,0,0,0,0,0,0,4,2,2
3,318,0,10,4,0,18,3,5,2,0,0,2,3,3,3,3,4,4,5,6,0,0,0,0,0,0,0,0,0,0,4,3,2
2,304,0,10,4,0,4,3,5,2,0,0,0,0,0,0,0,0,0,0,0,0,0,0,0,0,0,0,0,0,0,0,0,2
1,315,0,10,2,1,15,3,5,2,0,1,1,2,3,4,5,6,7,8,9,10,11,12,13,14,15,16,17,18,19,4,1,2
4,306,0,10,5,5,6,3,5,0,11,2,3,4,5,6,11,12,13,11,18,0,16,9,9,3,10,11,18,9,10,8,6,2
1,413,0,1,11,15,13,4,1,15,0,0,1,2,2,3,4,4,5,6,6,7,8,8,9,10,10,11,12,12,13,15,7,1
2,417,0,1,15,15,17,4,1,15,0,0,0,0,0,0,0,0,0,0,0,0,0,0,0,0,0,0,0,0,0,5,0,1
4,401,0,1,20,20,1,4,1,13,0,0,6,6,5,7,6,7,8,10,15,12,12,8,10,10,15,5,4,1,20,10,20,1
1,414,0,1,10,10,14,4,1,17,0,1,1,2,2,3,3,4,4,5,5,6,6,7,7,8,8,9,9,10,20,12,5,1
3,416,0,2,12,12,16,4,1,10,0,0,0,1,0,0,0,0,0,0,0,0,0,0,0,0,0,0,0,0,0,0,0,1
1,405,0,2,20,20,5,4,1,7,0,1,2,3,4,5,6,7,8,9,10,11,12,13,14,15,16,17,18,19,20,15,20,1
2,408,0,2,8,0,8,4,1,14,0,0,0,0,0,0,0,0,0,0,0,0,0,0,0,0,0,0,0,0,0,0,0,1
2,420,0,2,10,10,20,4,1,11,0,0,0,0,0,0,0,0,0,0,0,0,0,0,0,0,0,0,0,0,0,0,0,1
2,408,0,3,12,0,8,4,1,14,0,0,0,0,0,0,0,0,0,0,0,0,0,0,0,0,0,0,0,0,0,0,0,1
2,417,0,3,15,17,17,4,1,8,0,0,0,0,0,0,0,0,0,0,0,0,0,0,0,0,0,0,0,0,0,5,0,1
1,413,0,3,11,15,13,4,1,9,0,0,1,2,2,3,4,4,5,6,6,7,8,8,9,10,10,11,12,12,13,15,7,1
2,420,0,3,10,10,20,4,1,11,0,0,0,0,0,0,0,0,0,0,0,0,0,0,0,0,0,0,0,0,0,0,0,1
2,410,0,4,8,0,10,4,1,6,0,0,0,0,0,0,0,0,0,0,0,0,0,0,0,0,0,0,0,0,0,0,0,1
1,423,0,4,11,10,23,4,1,2,0,1,1,2,2,3,4,5,6,7,8,9,10,11,12,13,13,14,15,16,17,6,9,1
1,418,0,4,20,2,18,4,1,5,0,1,1,1,1,1,1,1,1,1,1,1,1,1,5,5,5,5,10,10,10,2,10,1
1,409,0,4,10,5,9,4,1,4,0,0,0,0,0,0,0,0,0,0,0,5,5,5,10,10,10,10,20,20,20,2,0,1
2,420,0,5,10,10,20,4,1,1,0,0,0,0,0,0,0,0,0,0,0,0,0,0,0,0,0,0,0,0,0,0,0,1
4,401,0,5,1,0,1,4,1,5,0,0,6,6,5,7,6,7,8,10,15,12,12,8,10,10,15,5,4,1,20,10,0,1
2,417,0,5,2,4,17,4,1,3,0,0,0,0,0,0,0,0,0,0,0,0,0,0,0,0,0,0,0,0,0,5,0,1
1,423,0,5,7,0,23,4,1,5,0,1,1,2,2,3,4,5,6,7,8,9,10,11,12,13,13,14,15,16,17,6,5,1
2,422,0,6,5,0,22,4,1,11,0,0,0,0,0,0,0,0,0,0,0,0,0,0,0,0,0,0,0,0,0,0,0,2
2,410,0,6,4,0,10,4,1,11,0,0,0,0,0,0,0,0,0,0,0,0,0,0,0,0,0,0,0,0,0,0,0,2
1,404,0,6,10,12,4,4,1,7,0,1,2,3,4,5,6,7,8,9,10,11,12,13,14,15,16,17,18,19,20,10,10,2
1,407,0,6,20,20,7,4,1,4,0,1,1,1,2,2,2,3,3,3,4,4,4,5,5,5,5,6,6,6,7,10,7,2
1,412,0,7,2,2,12,4,1,8,0,1,2,3,4,5,6,7,8,9,10,11,12,13,14,15,16,17,18,18,18,2,2,2
1,405,0,7,3,18,5,4,1,2,0,1,2,3,4,5,6,7,8,9,10,11,12,13,14,15,16,17,18,19,20,15,3,2
1,419,0,7,3,0,19,4,1,8,0,0,0,0,0,0,0,0,0,0,0,0,0,0,0,0,0,0,0,0,1,0,0,2
1,402,0,7,5,5,2,4,1,7,0,1,2,3,4,5,6,7,8,9,10,11,12,13,14,15,16,17,18,19,20,0,5,2
1,405,0,8,3,2,5,4,1,8,0,1,2,3,4,5,6,7,8,9,10,11,12,13,14,15,16,17,18,19,20,15,3,2
1,414,0,8,8,5,14,4,1,7,0,1,1,2,2,3,3,4,4,5,5,6,6,7,7,8,8,9,9,10,20,12,4,2
1,413,0,8,6,15,13,4,1,3,0,0,1,2,2,3,4,4,5,6,6,7,8,8,9,10,10,11,12,12,13,15,4,2
1,412,0,8,3,3,12,4,1,7,0,1,2,3,4,5,6,7,8,9,10,11,12,13,14,15,16,17,18,18,18,2,3,2
2,408,0,9,5,0,8,4,1,5,0,0,0,0,0,0,0,0,0,0,0,0,0,0,0,0,0,0,0,0,0,0,0,2
1,403,0,9,5,2,3,4,1,4,0,0,0,1,2,3,5,7,5,10,12,13,15,16,17,17,18,18,19,19,20,12,3,2
1,412,0,9,7,5,12,4,1,3,0,1,2,3,4,5,6,7,8,9,10,11,12,13,14,15,16,17,18,18,18,2,7,2
2,420,0,9,8,8,20,4,1,2,0,0,0,0,0,0,0,0,0,0,0,0,0,0,0,0,0,0,0,0,0,0,0,2
1,412,0,10,3,2,12,4,1,0,0,1,2,3,4,5,6,7,8,9,10,11,12,13,14,15,16,17,18,18,18,2,3,2
1,406,0,10,3,1,6,4,1,1,1,1,2,3,4,5,6,7,8,9,10,11,12,13,14,15,16,17,18,19,20,1,3,2
1,419,0,10,3,0,19,4,1,1,0,0,0,0,0,0,0,0,0,0,0,0,0,0,0,0,0,0,0,0,1,0,0,2
3,424,0,10,5,0,24,4,1,1,0,0,2,3,4,5,6,7,8,9,10,10,10,10,10,10,10,0,0,0,0,10,5,2
1,403,0,1,7,0,3,4,2,4,0,0,0,1,2,3,5,7,5,10,12,13,15,16,17,17,18,18,19,19,20,12,7,1
3,416,0,1,9,10,16,4,2,1,0,0,0,1,0,0,0,0,0,0,0,0,0,0,0,0,0,0,0,0,0,0,0,1
1,412,0,1,5,2,12,4,2,3,0,1,2,3,4,5,6,7,8,9,10,11,12,13,14,15,16,17,18,18,18,2,5,1
1,411,0,1,7,0,11,4,2,4,0,1,2,3,4,5,6,7,8,9,10,11,12,13,14,15,16,17,18,19,20,0,7,1
2,417,0,2,10,12,17,4,2,10,0,0,0,0,0,0,0,0,0,0,0,0,0,0,0,0,0,0,0,0,0,5,0,1
1,413,0,2,13,15,13,4,2,9,0,0,1,2,2,3,4,4,5,6,6,7,8,8,9,10,10,11,12,12,13,15,8,1
3,424,0,2,8,10,24,4,2,11,0,0,2,3,4,5,6,7,8,9,10,10,10,10,10,10,10,0,0,0,0,10,8,1
1,402,0,2,8,5,2,4,2,12,0,1,2,3,4,5,6,7,8,9,10,11,12,13,14,15,16,17,18,19,20,0,8,1
1,409,0,3,5,0,9,4,2,13,0,0,0,0,0,0,0,0,0,0,0,5,5,5,10,10,10,10,20,20,20,2,0,1
1,402,0,3,10,8,2,4,2,11,0,1,2,3,4,5,6,7,8,9,10,11,12,13,14,15,16,17,18,19,20,0,10,1
1,421,0,3,11,12,21,4,2,9,0,1,2,3,4,5,6,7,8,9,10,10,11,11,12,12,14,14,16,16,16,11,10,1
1,407,0,3,13,20,7,4,2,7,0,1,1,1,2,2,2,3,3,3,4,4,4,5,5,5,5,6,6,6,7,10,5,1
4,401,0,4,5,8,1,4,2,0,0,0,6,6,5,7,6,7,8,10,15,12,12,8,10,10,15,5,4,1,20,10,7,1
1,411,0,4,6,0,11,4,2,3,0,1,2,3,4,5,6,7,8,9,10,11,12,13,14,15,16,17,18,19,20,0,6,1
1,406,0,4,8,1,6,4,2,3,1,1,2,3,4,5,6,7,8,9,10,11,12,13,14,15,16,17,18,19,20,1,8,1
2,408,0,4,14,0,8,4,2,3,0,0,0,0,0,0,0,0,0,0,0,0,0,0,0,0,0,0,0,0,0,0,0,1
1,412,0,5,7,4,12,4,2,5,0,1,2,3,4,5,6,7,8,9,10,11,12,13,14,15,16,17,18,18,18,2,7,1
3,424,0,5,10,10,24,4,2,3,0,0,2,3,4,5,6,7,8,9,10,10,10,10,10,10,10,0,0,0,0,10,10,1
1,415,0,5,8,2,15,4,2,5,3,7,10,9,10,8,11,14,15,15,16,16,16,16,18,18,18,18,19,19,20,8,15,1
1,403,0,5,6,2,3,4,2,5,0,0,0,1,2,3,5,7,5,10,12,13,15,16,17,17,18,18,19,19,20,12,5,1
4,401,0,6,8,10,1,4,2,5,0,0,6,6,5,7,6,7,8,10,15,12,12,8,10,10,15,5,4,1,20,10,8,2
1,414,0,6,9,12,14,4,2,5,0,1,1,2,2,3,3,4,4,5,5,6,6,7,7,8,8,9,9,10,20,12,5,2
1,406,0,6,3,1,6,4,2,8,1,1,2,3,4,5,6,7,8,9,10,11,12,13,14,15,16,17,18,19,20,1,3,2
1,423,0,6,4,3,23,4,2,8,0,1,1,2,2,3,4,5,6,7,8,9,10,11,12,13,13,14,15,16,17,6,2,2
4,401,0,7,6,14,1,4,2,7,0,0,6,6,5,7,6,7,8,10,15,12,12,8,10,10,15,5,4,1,20,10,6,2
1,415,0,7,3,2,15,4,2,11,3,7,10,9,10,8,11,14,15,15,16,16,16,16,18,18,18,18,19,19,20,8,9,2
2,420,0,7,6,10,20,4,2,9,0,0,0,0,0,0,0,0,0,0,0,0,0,0,0,0,0,0,0,0,0,0,0,2
1,418,0,7,15,10,18,4,2,9,0,1,1,1,1,1,1,1,1,1,1,1,1,1,5,5,5,5,10,10,10,2,5,2
1,421,0,8,6,8,21,4,2,7,0,1,2,3,4,5,6,7,8,9,10,10,11,11,12,12,14,14,16,16,16,11,6,2
3,416,0,8,6,0,16,4,2,9,0,0,0,1,0,0,0,0,0,0,0,0,0,0,0,0,0,0,0,0,0,0,0,2
2,410,0,8,10,0,10,4,2,9,0,0,0,0,0,0,0,0,0,0,0,0,0,0,0,0,0,0,0,0,0,0,0,2
1,409,0,8,4,20,9,4,2,3,0,0,0,0,0,0,0,0,0,0,0,5,5,5,10,10,10,10,20,20,20,2,0,2
1,405,0,9,6,2,5,4,2,9,0,1,2,3,4,5,6,7,8,9,10,11,12,13,14,15,16,17,18,19,20,15,6,2
3,424,0,9,8,10,24,4,2,6,0,0,2,3,4,5,6,7,8,9,10,10,10,10,10,10,10,0,0,0,0,10,8,2
4,401,0,9,10,16,1,4,2,4,0,0,6,6,5,7,6,7,8,10,15,12,12,8,10,10,15,5,4,1,20,10,15,2
1,418,0,9,5,1,18,4,2,9,0,1,1,1,1,1,1,1,1,1,1,1,1,1,5,5,5,5,10,10,10,2,1,2
1,421,0,10,5,5,21,4,2,5,0,1,2,3,4,5,6,7,8,9,10,10,11,11,12,12,14,14,16,16,16,11,5,2
1,409,0,10,3,0,9,4,2,7,0,0,0,0,0,0,0,0,0,0,0,5,5,5,10,10,10,10,20,20,20,2,0,2
1,404,0,10,7,0,4,4,2,7,0,1,2,3,4,5,6,7,8,9,10,11,12,13,14,15,16,17,18,19,20,10,7,2
1,413,0,10,6,15,13,4,2,2,0,0,1,2,2,3,4,4,5,6,6,7,8,8,9,10,10,11,12,12,13,15,4,2
2,410,0,1,10,10,10,4,3,9,0,0,0,0,0,0,0,0,0,0,0,0,0,0,0,0,0,0,0,0,0,0,0,1
1,406,0,1,10,20,6,4,3,5,1,1,2,3,4,5,6,7,8,9,10,11,12,13,14,15,16,17,18,19,20,1,10,1
1,415,0,1,6,5,15,4,3,10,3,7,10,9,10,8,11,14,15,15,16,16,16,16,18,18,18,18,19,19,20,8,11,1
1,418,0,1,10,1,18,4,3,12,0,1,1,1,1,1,1,1,1,1,1,1,1,1,5,5,5,5,10,10,10,2,1,1
1,403,0,2,5,2,3,4,3,4,0,0,0,1,2,3,5,7,5,10,12,13,15,16,17,17,18,18,19,19,20,12,3,1
1,418,0,2,15,1,18,4,3,4,0,1,1,1,1,1,1,1,1,1,1,1,1,1,5,5,5,5,10,10,10,2,5,1
1,419,0,2,7,5,19,4,3,3,0,0,0,0,0,0,0,0,0,0,0,0,0,0,0,0,0,0,0,0,1,0,0,1
1,409,0,2,12,5,9,4,3,3,0,0,0,0,0,0,0,0,0,0,0,5,5,5,10,10,10,10,20,20,20,2,5,1
2,410,0,3,7,0,10,4,3,9,0,0,0,0,0,0,0,0,0,0,0,0,0,0,0,0,0,0,0,0,0,0,0,1
1,412,0,3,5,3,12,4,3,8,0,1,2,3,4,5,6,7,8,9,10,11,12,13,14,15,16,17,18,18,18,2,5,1
1,415,0,3,12,3,15,4,3,8,3,7,10,9,10,8,11,14,15,15,16,16,16,16,18,18,18,18,19,19,20,8,16,1
1,404,0,3,15,20,4,4,3,2,0,1,2,3,4,5,6,7,8,9,10,11,12,13,14,15,16,17,18,19,20,10,15,1
3,416,0,4,10,1,16,4,3,12,0,0,0,1,0,0,0,0,0,0,0,0,0,0,0,0,0,0,0,0,0,0,0,1
1,407,0,4,20,20,7,4,3,5,0,1,1,1,2,2,2,3,3,3,4,4,4,5,5,5,5,6,6,6,7,10,7,1
1,421,0,4,11,12,21,4,3,8,0,1,2,3,4,5,6,7,8,9,10,10,11,11,12,12,14,14,16,16,16,11,10,1
1,415,0,4,8,3,15,4,3,11,3,7,10,9,10,8,11,14,15,15,16,16,16,16,18,18,18,18,19,19,20,8,15,1
1,406,0,5,3,1,6,4,3,3,1,1,2,3,4,5,6,7,8,9,10,11,12,13,14,15,16,17,18,19,20,1,3,1
1,421,0,5,9,10,21,4,3,0,0,1,2,3,4,5,6,7,8,9,10,10,11,11,12,12,14,14,16,16,16,11,9,1
3,416,0,5,11,0,16,4,3,4,0,0,0,1,0,0,0,0,0,0,0,0,0,0,0,0,0,0,0,0,0,0,0,1
2,408,0,5,8,0,8,4,3,4,0,0,0,0,0,0,0,0,0,0,0,0,0,0,0,0,0,0,0,0,0,0,0,1
2,420,0,6,10,0,20,4,3,4,0,0,0,0,0,0,0,0,0,0,0,0,0,0,0,0,0,0,0,0,0,0,0,2
1,413,0,6,7,10,13,4,3,1,0,0,1,2,2,3,4,4,5,6,6,7,8,8,9,10,10,11,12,12,13,15,4,2
1,402,0,6,5,3,2,4,3,3,0,1,2,3,4,5,6,7,8,9,10,11,12,13,14,15,16,17,18,19,20,0,5,2
1,419,0,6,3,0,19,4,3,4,0,0,0,0,0,0,0,0,0,0,0,0,0,0,0,0,0,0,0,0,1,0,0,2
1,406,0,7,7,1,6,4,3,2,1,1,2,3,4,5,6,7,8,9,10,11,12,13,14,15,16,17,18,19,20,1,7,2
2,417,0,7,1,1,17,4,3,2,0,0,0,0,0,0,0,0,0,0,0,0,0,0,0,0,0,0,0,0,0,5,0,2
1,409,0,7,9,4,9,4,3,1,0,0,0,0,0,0,0,0,0,0,0,5,5,5,10,10,10,10,20,20,20,2,0,2
2,422,0,7,7,0,22,4,3,2,0,0,0,0,0,0,0,0,0,0,0,0,0,0,0,0,0,0,0,0,0,0,0,2
1,402,0,8,8,5,2,4,3,5,0,1,2,3,4,5,6,7,8,9,10,11,12,13,14,15,16,17,18,19,20,0,8,2
1,415,0,8,6,2,15,4,3,6,3,7,10,9,10,8,11,14,15,15,16,16,16,16,18,18,18,18,19,19,20,8,11,2
1,404,0,8,7,10,4,4,3,3,0,1,2,3,4,5,6,7,8,9,10,11,12,13,14,15,16,17,18,19,20,10,7,2
1,418,0,8,15,2,18,4,3,6,0,1,1,1,1,1,1,1,1,1,1,1,1,1,5,5,5,5,10,10,10,2,5,2
1,413,0,9,6,15,13,4,3,7,0,0,1,2,2,3,4,4,5,6,6,7,8,8,9,10,10,11,12,12,13,15,4,2
2,422,0,9,10,0,22,4,3,12,0,0,0,0,0,0,0,0,0,0,0,0,0,0,0,0,0,0,0,0,0,0,0,2
1,407,0,9,15,15,7,4,3,7,0,1,1,1,2,2,2,3,3,3,4,4,4,5,5,5,5,6,6,6,7,10,5,2
1,414,0,9,8,5,14,4,3,10,0,1,1,2,2,3,3,4,4,5,5,6,6,7,7,8,8,9,9,10,20,12,4,2
2,417,0,10,3,1,17,4,3,0,0,0,0,0,0,0,0,0,0,0,0,0,0,0,0,0,0,0,0,0,0,5,0,2
2,410,0,10,10,0,10,4,3,1,0,0,0,0,0,0,0,0,0,0,0,0,0,0,0,0,0,0,0,0,0,0,0,2
1,411,0,10,2,0,11,4,3,1,0,1,2,3,4,5,6,7,8,9,10,11,12,13,14,15,16,17,18,19,20,0,2,2
1,414,0,10,9,1,14,4,3,0,0,1,1,2,2,3,3,4,4,5,5,6,6,7,7,8,8,9,9,10,20,12,5,2
2,422,0,1,10,0,22,4,4,13,0,0,0,0,0,0,0,0,0,0,0,0,0,0,0,0,0,0,0,0,0,0,0,1
2,420,0,1,10,10,20,4,4,10,0,0,0,0,0,0,0,0,0,0,0,0,0,0,0,0,0,0,0,0,0,0,0,1
1,421,0,1,8,9,21,4,4,10,0,1,2,3,4,5,6,7,8,9,10,10,11,11,12,12,14,14,16,16,16,11,8,1
1,405,0,1,20,20,5,4,4,6,0,1,2,3,4,5,6,7,8,9,10,11,12,13,14,15,16,17,18,19,20,15,20,1
4,401,0,2,10,10,1,4,4,16,0,0,6,6,5,7,6,7,8,10,15,12,12,8,10,10,15,5,4,1,20,10,15,1
1,404,0,2,15,18,4,4,4,13,0,1,2,3,4,5,6,7,8,9,10,11,12,13,14,15,16,17,18,19,20,10,15,1
1,406,0,2,12,20,6,4,4,12,1,1,2,3,4,5,6,7,8,9,10,11,12,13,14,15,16,17,18,19,20,1,12,1
1,415,0,2,9,9,15,4,4,16,3,7,10,9,10,8,11,14,15,15,16,16,16,16,18,18,18,18,19,19,20,8,15,1
4,401,0,3,12,10,1,4,4,1,0,0,6,6,5,7,6,7,8,10,15,12,12,8,10,10,15,5,4,1,20,10,12,1
1,406,0,3,12,1,6,4,4,4,1,1,2,3,4,5,6,7,8,9,10,11,12,13,14,15,16,17,18,19,20,1,12,1
2,422,0,3,7,0,22,4,4,4,0,0,0,0,0,0,0,0,0,0,0,0,0,0,0,0,0,0,0,0,0,0,0,1
1,419,0,3,4,2,19,4,4,4,0,0,0,0,0,0,0,0,0,0,0,0,0,0,0,0,0,0,0,0,1,0,0,1
1,402,0,4,9,5,2,4,4,3,0,1,2,3,4,5,6,7,8,9,10,11,12,13,14,15,16,17,18,19,20,0,9,1
2,417,0,4,7,8,17,4,4,2,0,0,0,0,0,0,0,0,0,0,0,0,0,0,0,0,0,0,0,0,0,5,0,1
1,419,0,4,4,1,19,4,4,4,0,0,0,0,0,0,0,0,0,0,0,0,0,0,0,0,0,0,0,0,1,0,0,1
2,422,0,4,5,0,22,4,4,5,0,0,0,0,0,0,0,0,0,0,0,0,0,0,0,0,0,0,0,0,0,0,0,1
1,418,0,5,15,3,18,4,4,8,0,1,1,1,1,1,1,1,1,1,1,1,1,1,5,5,5,5,10,10,10,2,5,1
1,404,0,5,12,10,4,4,4,6,0,1,2,3,4,5,6,7,8,9,10,11,12,13,14,15,16,17,18,19,20,10,12,1
2,422,0,5,5,0,22,4,4,9,0,0,0,0,0,0,0,0,0,0,0,0,0,0,0,0,0,0,0,0,0,0,0,1
1,413,0,5,9,15,13,4,4,4,0,0,1,2,2,3,4,4,5,6,6,7,8,8,9,10,10,11,12,12,13,15,6,1
1,403,0,6,6,0,3,4,4,3,0,0,0,1,2,3,5,7,5,10,12,13,15,16,17,17,18,18,19,19,20,12,5,2
3,416,0,6,6,4,16,4,4,2,0,0,0,1,0,0,0,0,0,0,0,0,0,0,0,0,0,0,0,0,0,0,0,2
1,415,0,6,5,3,15,4,4,2,3,7,10,9,10,8,11,14,15,15,16,16,16,16,18,18,18,18,19,19,20,8,8,2
1,412,0,6,5,2,12,4,4,2,0,1,2,3,4,5,6,7,8,9,10,11,12,13,14,15,16,17,18,18,18,2,5,2
1,404,0,7,8,10,4,4,4,7,0,1,2,3,4,5,6,7,8,9,10,11,12,13,14,15,16,17,18,19,20,10,8,2
3,424,0,7,5,5,24,4,4,8,0,0,2,3,4,5,6,7,8,9,10,10,10,10,10,10,10,0,0,0,0,10,5,2
2,410,0,7,8,0,10,4,4,10,0,0,0,0,0,0,0,0,0,0,0,0,0,0,0,0,0,0,0,0,0,0,0,2
1,413,0,7,6,15,13,4,4,5,0,0,1,2,2,3,4,4,5,6,6,7,8,8,9,10,10,11,12,12,13,15,4,2
2,408,0,8,5,0,8,4,4,6,0,0,0,0,0,0,0,0,0,0,0,0,0,0,0,0,0,0,0,0,0,0,0,2
2,417,0,8,1,0,17,4,4,6,0,0,0,0,0,0,0,0,0,0,0,0,0,0,0,0,0,0,0,0,0,5,0,2
4,401,0,8,7,12,1,4,4,2,0,0,6,6,5,7,6,7,8,10,15,12,12,8,10,10,15,5,4,1,20,10,7,2
1,423,0,8,8,6,23,4,4,4,0,1,1,2,2,3,4,5,6,7,8,9,10,11,12,13,13,14,15,16,17,6,6,2
2,410,0,9,10,0,10,4,4,3,0,0,0,0,0,0,0,0,0,0,0,0,0,0,0,0,0,0,0,0,0,0,0,2
1,406,0,9,3,1,6,4,4,3,1,1,2,3,4,5,6,7,8,9,10,11,12,13,14,15,16,17,18,19,20,1,3,2
1,419,0,9,5,0,19,4,4,3,0,0,0,0,0,0,0,0,0,0,0,0,0,0,0,0,0,0,0,0,1,0,0,2
1,421,0,9,7,9,21,4,4,0,0,1,2,3,4,5,6,7,8,9,10,10,11,11,12,12,14,14,16,16,16,11,7,2
2,420,0,10,3,0,20,4,4,6,0,0,0,0,0,0,0,0,0,0,0,0,0,0,0,0,0,0,0,0,0,0,0,2
1,415,0,10,3,1,15,4,4,6,3,7,10,9,10,8,11,14,15,15,16,16,16,16,18,18,18,18,19,19,20,8,9,2
3,416,0,10,2,2,16,4,4,5,0,0,0,1,0,0,0,0,0,0,0,0,0,0,0,0,0,0,0,0,0,0,0,2
1,407,0,10,10,15,7,4,4,1,0,1,1,1,2,2,2,3,3,3,4,4,4,5,5,5,5,6,6,6,7,10,4,2
1,419,0,1,15,5,19,4,5,12,0,0,0,0,0,0,0,0,0,0,0,0,0,0,0,0,0,0,0,0,1,0,0,1
1,402,0,1,8,5,2,4,5,12,0,1,2,3,4,5,6,7,8,9,10,11,12,13,14,15,16,17,18,19,20,0,8,1
1,407,0,1,15,15,7,4,5,8,0,1,1,1,2,2,2,3,3,3,4,4,4,5,5,5,5,6,6,6,7,10,5,1
1,404,0,1,10,15,4,4,5,8,0,1,2,3,4,5,6,7,8,9,10,11,12,13,14,15,16,17,18,19,20,10,10,1
1,423,0,2,20,8,23,4,5,10,0,1,1,2,2,3,4,5,6,7,8,9,10,11,12,13,13,14,15,16,17,6,17,1
1,421,0,2,12,12,21,4,5,8,0,1,2,3,4,5,6,7,8,9,10,10,11,11,12,12,14,14,16,16,16,11,11,1
1,414,0,2,16,15,14,4,5,7,0,1,1,2,2,3,3,4,4,5,5,6,6,7,7,8,8,9,9,10,20,12,8,1
1,412,0,2,4,2,12,4,5,12,0,1,2,3,4,5,6,7,8,9,10,11,12,13,14,15,16,17,18,18,18,2,4,1
1,423,0,3,7,6,23,4,5,10,0,1,1,2,2,3,4,5,6,7,8,9,10,11,12,13,13,14,15,16,17,6,5,1
3,416,0,3,11,11,16,4,5,9,0,0,0,1,0,0,0,0,0,0,0,0,0,0,0,0,0,0,0,0,0,0,0,1
1,405,0,3,17,20,5,4,5,6,0,1,2,3,4,5,6,7,8,9,10,11,12,13,14,15,16,17,18,19,20,15,17,1
1,411,0,3,6,0,11,4,5,12,0,1,2,3,4,5,6,7,8,9,10,11,12,13,14,15,16,17,18,19,20,0,6,1
1,414,0,4,8,5,14,4,5,3,0,1,1,2,2,3,3,4,4,5,5,6,6,7,7,8,8,9,9,10,20,12,4,1
3,424,0,4,10,10,24,4,5,2,0,0,2,3,4,5,6,7,8,9,10,10,10,10,10,10,10,0,0,0,0,10,10,1
1,405,0,4,10,0,5,4,5,5,0,1,2,3,4,5,6,7,8,9,10,11,12,13,14,15,16,17,18,19,20,15,10,1
1,403,0,4,6,0,3,4,5,5,0,0,0,1,2,3,5,7,5,10,12,13,15,16,17,17,18,18,19,19,20,12,5,1
1,402,0,5,8,5,2,4,5,1,0,1,2,3,4,5,6,7,8,9,10,11,12,13,14,15,16,17,18,19,20,0,8,1
1,405,0,5,12,2,5,4,5,2,0,1,2,3,4,5,6,7,8,9,10,11,12,13,14,15,16,17,18,19,20,15,12,1
2,410,0,5,5,0,10,4,5,3,0,0,0,0,0,0,0,0,0,0,0,0,0,0,0,0,0,0,0,0,0,0,0,1
1,419,0,5,4,1,19,4,5,2,0,0,0,0,0,0,0,0,0,0,0,0,0,0,0,0,0,0,0,0,1,0,0,1
1,421,0,6,5,7,21,4,5,1,0,1,2,3,4,5,6,7,8,9,10,10,11,11,12,12,14,14,16,16,16,11,5,2
1,409,0,6,10,0,9,4,5,3,0,0,0,0,0,0,0,0,0,0,0,5,5,5,10,10,10,10,20,20,20,2,0,2
2,417,0,6,1,2,17,4,5,3,0,0,0,0,0,0,0,0,0,0,0,0,0,0,0,0,0,0,0,0,0,5,0,2
1,418,0,6,10,1,18,4,5,3,0,1,1,1,1,1,1,1,1,1,1,1,1,1,5,5,5,5,10,10,10,2,1,2
1,414,0,7,8,1,14,4,5,8,0,1,1,2,2,3,3,4,4,5,5,6,6,7,7,8,8,9,9,10,20,12,4,2
1,421,0,7,2,5,21,4,5,7,0,1,2,3,4,5,6,7,8,9,10,10,11,11,12,12,14,14,16,16,16,11,2,2
2,408,0,7,2,0,8,4,5,9,0,0,0,0,0,0,0,0,0,0,0,0,0,0,0,0,0,0,0,0,0,0,0,2
1,407,0,7,20,20,7,4,5,2,0,1,1,1,2,2,2,3,3,3,4,4,4,5,5,5,5,6,6,6,7,10,7,2
1,406,0,8,2,1,6,4,5,3,1,1,2,3,4,5,6,7,8,9,10,11,12,13,14,15,16,17,18,19,20,1,2,2
2,420,0,8,8,8,20,4,5,0,0,0,0,0,0,0,0,0,0,0,0,0,0,0,0,0,0,0,0,0,0,0,0,2
1,411,0,8,6,0,11,4,5,3,0,1,2,3,4,5,6,7,8,9,10,11,12,13,14,15,16,17,18,19,20,0,6,2
1,403,0,8,6,0,3,4,5,3,0,0,0,1,2,3,5,7,5,10,12,13,15,16,17,17,18,18,19,19,20,12,5,2
1,409,0,9,7,0,9,4,5,4,0,0,0,0,0,0,0,0,0,0,0,5,5,5,10,10,10,10,20,20,20,2,0,2
1,404,0,9,5,8,4,4,5,2,0,1,2,3,4,5,6,7,8,9,10,11,12,13,14,15,16,17,18,19,20,10,5,2
1,402,0,9,5,5,2,4,5,3,0,1,2,3,4,5,6,7,8,9,10,11,12,13,14,15,16,17,18,19,20,0,5,2
2,417,0,9,3,0,17,4,5,4,0,0,0,0,0,0,0,0,0,0,0,0,0,0,0,0,0,0,0,0,0,5,0,2
2,408,0,10,3,0,8,4,5,4,0,0,0,0,0,0,0,0,0,0,0,0,0,0,0,0,0,0,0,0,0,0,0,2
1,423,0,10,4,2,23,4,5,3,0,1,1,2,2,3,4,5,6,7,8,9,10,11,12,13,13,14,15,16,17,6,2,2
1,418,0,10,3,1,18,4,5,3,0,1,1,1,1,1,1,1,1,1,1,1,1,1,5,5,5,5,10,10,10,2,1,2
1,405,0,10,8,8,5,4,5,1,0,1,2,3,4,5,6,7,8,9,10,11,12,13,14,15,16,17,18,19,20,15,8,2
2,408,0,1,5,0,8,4,6,9,0,0,0,0,0,0,0,0,0,0,0,0,0,0,0,0,0,0,0,0,0,0,0,1
1,409,0,1,10,10,9,4,6,5,0,0,0,0,0,0,0,0,0,0,0,5,5,5,10,10,10,10,20,20,20,2,0,1
1,423,0,1,19,6,23,4,6,7,0,1,1,2,2,3,4,5,6,7,8,9,10,11,12,13,13,14,15,16,17,6,16,1
3,424,0,1,10,10,24,4,6,5,0,0,2,3,4,5,6,7,8,9,10,10,10,10,10,10,10,0,0,0,0,10,10,1
1,411,0,2,4,0,11,4,6,7,0,1,2,3,4,5,6,7,8,9,10,11,12,13,14,15,16,17,18,19,20,0,4,1
2,422,0,2,12,0,22,4,6,7,0,0,0,0,0,0,0,0,0,0,0,0,0,0,0,0,0,0,0,0,0,0,0,1
1,407,0,2,18,20,7,4,6,0,0,1,1,1,2,2,2,3,3,3,4,4,4,5,5,5,5,6,6,6,7,10,6,1
2,410,0,2,10,0,10,4,6,7,0,0,0,0,0,0,0,0,0,0,0,0,0,0,0,0,0,0,0,0,0,0,0,1
1,403,0,3,4,1,3,4,6,7,0,0,0,1,2,3,5,7,5,10,12,13,15,16,17,17,18,18,19,19,20,12,2,1
3,424,0,3,10,10,24,4,6,4,0,0,2,3,4,5,6,7,8,9,10,10,10,10,10,10,10,0,0,0,0,10,10,1
1,414,0,3,11,10,14,4,6,4,0,1,1,2,2,3,3,4,4,5,5,6,6,7,7,8,8,9,9,10,20,12,6,1
1,418,0,3,20,2,18,4,6,7,0,1,1,1,1,1,1,1,1,1,1,1,1,1,5,5,5,5,10,10,10,2,10,1
1,413,0,4,10,15,13,4,6,8,0,0,1,2,2,3,4,4,5,6,6,7,8,8,9,10,10,11,12,12,13,15,6,1
1,404,0,4,10,10,4,4,6,10,0,1,2,3,4,5,6,7,8,9,10,11,12,13,14,15,16,17,18,19,20,10,10,1
1,412,0,4,8,5,12,4,6,12,0,1,2,3,4,5,6,7,8,9,10,11,12,13,14,15,16,17,18,18,18,2,8,1
2,420,0,4,11,10,20,4,6,10,0,0,0,0,0,0,0,0,0,0,0,0,0,0,0,0,0,0,0,0,0,0,0,1
1,407,0,5,20,20,7,4,6,9,0,1,1,1,2,2,2,3,3,3,4,4,4,5,5,5,5,6,6,6,7,10,7,1
1,414,0,5,5,8,14,4,6,13,0,1,1,2,2,3,3,4,4,5,5,6,6,7,7,8,8,9,9,10,20,12,3,1
1,411,0,5,6,0,11,4,6,16,0,1,2,3,4,5,6,7,8,9,10,11,12,13,14,15,16,17,18,19,20,0,6,1
1,409,0,5,10,20,9,4,6,9,0,0,0,0,0,0,0,0,0,0,0,5,5,5,10,10,10,10,20,20,20,2,0,1
3,424,0,6,8,8,24,4,6,1,0,0,2,3,4,5,6,7,8,9,10,10,10,10,10,10,10,0,0,0,0,10,8,2
1,411,0,6,6,0,11,4,6,3,0,1,2,3,4,5,6,7,8,9,10,11,12,13,14,15,16,17,18,19,20,0,6,2
2,408,0,6,5,0,8,4,6,3,0,0,0,0,0,0,0,0,0,0,0,0,0,0,0,0,0,0,0,0,0,0,0,2
1,405,0,6,2,2,5,4,6,3,0,1,2,3,4,5,6,7,8,9,10,11,12,13,14,15,16,17,18,19,20,15,2,2
1,423,0,7,7,5,23,4,6,8,0,1,1,2,2,3,4,5,6,7,8,9,10,11,12,13,13,14,15,16,17,6,5,2
1,411,0,7,6,20,11,4,6,3,0,1,2,3,4,5,6,7,8,9,10,11,12,13,14,15,16,17,18,19,20,0,6,2
3,416,0,7,2,2,16,4,6,9,0,0,0,1,0,0,0,0,0,0,0,0,0,0,0,0,0,0,0,0,0,0,0,2
1,403,0,7,4,2,3,4,6,9,0,0,0,1,2,3,5,7,5,10,12,13,15,16,17,17,18,18,19,19,20,12,2,2
3,424,0,8,10,10,24,4,6,7,0,0,2,3,4,5,6,7,8,9,10,10,10,10,10,10,10,0,0,0,0,10,10,2
2,422,0,8,5,0,22,4,6,10,0,0,0,0,0,0,0,0,0,0,0,0,0,0,0,0,0,0,0,0,0,0,0,2
1,419,0,8,8,0,19,4,6,10,0,0,0,0,0,0,0,0,0,0,0,0,0,0,0,0,0,0,0,0,1,0,0,2
1,407,0,8,20,20,7,4,6,3,0,1,1,1,2,2,2,3,3,3,4,4,4,5,5,5,5,6,6,6,7,10,7,2
1,411,0,9,3,0,11,4,6,2,0,1,2,3,4,5,6,7,8,9,10,11,12,13,14,15,16,17,18,19,20,0,3,2
1,415,0,9,6,2,15,4,6,2,3,7,10,9,10,8,11,14,15,15,16,16,16,16,18,18,18,18,19,19,20,8,11,2
1,423,0,9,5,5,23,4,6,1,0,1,1,2,2,3,4,5,6,7,8,9,10,11,12,13,13,14,15,16,17,6,3,2
3,416,0,9,8,0,16,4,6,2,0,0,0,1,0,0,0,0,0,0,0,0,0,0,0,0,0,0,0,0,0,0,0,2
1,402,0,10,5,3,2,4,6,1,0,1,2,3,4,5,6,7,8,9,10,11,12,13,14,15,16,17,18,19,20,0,5,2
2,422,0,10,10,0,22,4,6,2,0,0,0,0,0,0,0,0,0,0,0,0,0,0,0,0,0,0,0,0,0,0,0,2
1,403,0,10,6,0,3,4,6,2,0,0,0,1,2,3,5,7,5,10,12,13,15,16,17,17,18,18,19,19,20,12,5,2
4,401,0,10,3,2,1,4,6,1,0,0,6,6,5,7,6,7,8,10,15,12,12,8,10,10,15,5,4,1,20,10,6,2
1,513,1,1,16,16,13,5,1,11,0,1,2,4,4,5,6,7,8,9,10,11,12,13,14,15,16,18,19,20,20,12,16,1
1,514,1,1,10,10,14,5,1,13,0,1,2,3,4,5,6,7,8,9,10,11,12,13,14,15,16,17,18,19,20,7,10,1
1,501,1,1,14,20,1,5,1,10,0,1,2,3,4,5,6,7,8,8,8,8,8,8,8,8,8,8,8,8,8,8,8,1
3,517,1,1,6,4,17,5,1,15,0,0,1,2,3,4,5,6,7,8,8,8,7,6,5,4,3,2,1,0,0,8,5,1
4,516,1,2,12,20,16,5,1,3,12,0,0,0,0,0,0,0,0,0,0,0,0,0,0,0,0,0,0,0,0,12,0,1
1,505,1,2,5,0,5,5,1,9,0,0,0,0,2,4,4,5,7,8,8,9,10,10,12,0,16,5,18,10,20,12,4,1
1,520,1,2,5,6,20,5,1,7,0,1,1,1,1,2,3,4,5,6,7,8,9,10,11,12,13,14,15,16,17,15,2,1
2,508,1,2,9,2,8,5,1,9,0,0,0,0,0,0,0,0,0,0,0,0,0,0,0,0,0,0,0,0,0,8,0,1
1,520,1,3,6,7,20,5,1,5,0,1,1,1,1,2,3,4,5,6,7,8,9,10,11,12,13,14,15,16,17,15,3,1
3,517,1,3,11,6,17,5,1,6,0,0,1,2,3,4,5,6,7,8,8,8,7,6,5,4,3,2,1,0,0,8,8,1
1,513,1,3,8,10,13,5,1,4,0,1,2,4,4,5,6,7,8,9,10,11,12,13,14,15,16,18,19,20,20,12,8,1
2,508,1,3,9,0,8,5,1,8,0,0,0,0,0,0,0,0,0,0,0,0,0,0,0,0,0,0,0,0,0,8,0,1
1,510,1,4,7,5,10,5,1,4,0,0,1,2,3,4,5,6,7,0,0,10,11,12,13,14,15,16,20,20,20,16,6,1
1,509,1,4,5,0,9,5,1,6,0,0,0,0,0,0,0,0,0,0,0,0,0,0,0,0,0,0,0,0,1,5,0,1
2,523,1,4,5,2,23,5,1,5,0,0,0,0,0,0,0,0,0,0,0,0,0,0,0,0,0,0,0,0,0,0,0,1
1,518,1,4,9,10,18,5,1,2,0,1,3,4,5,6,8,10,10,10,10,9,8,7,14,15,15,12,14,15,15,8,10,1
2,523,1,5,5,1,23,5,1,1,0,0,0,0,0,0,0,0,0,0,0,0,0,0,0,0,0,0,0,0,0,0,0,1
3,517,1,5,5,3,17,5,1,1,0,0,1,2,3,4,5,6,7,8,8,8,7,6,5,4,3,2,1,0,0,8,4,1
1,501,1,5,8,0,1,5,1,2,0,1,2,3,4,5,6,7,8,8,8,8,8,8,8,8,8,8,8,8,8,8,8,1
1,520,1,5,4,1,20,5,1,1,0,1,1,1,1,2,3,4,5,6,7,8,9,10,11,12,13,14,15,16,17,15,1,1
1,507,1,6,5,5,7,5,1,3,0,1,2,3,4,5,6,7,8,9,10,11,12,13,14,15,16,17,18,19,20,10,5,2
3,522,1,6,4,3,22,5,1,3,0,1,2,3,4,5,6,7,8,9,10,11,12,13,13,13,12,11,10,8,0,15,4,2
1,504,1,6,4,5,4,5,1,3,0,2,3,4,5,5,7,9,10,10,10,10,15,15,15,20,20,20,20,20,20,15,5,2
1,510,1,6,3,0,10,5,1,4,0,0,1,2,3,4,5,6,7,0,0,10,11,12,13,14,15,16,20,20,20,16,2,2
2,512,1,7,5,0,12,5,1,0,0,0,0,0,0,0,0,0,0,0,0,0,0,0,0,0,0,0,0,0,0,5,0,2
1,502,1,7,2,1,2,5,1,0,0,0,1,1,1,1,1,1,1,1,1,1,1,1,1,1,1,1,1,1,1,1,1,2
4,519,1,7,4,0,19,5,1,0,0,0,0,1,2,2,2,3,3,1,2,3,2,2,2,0,2,3,0,0,0,5,2,2
1,505,1,7,5,0,5,5,1,0,0,0,0,0,2,4,4,5,7,8,8,9,10,10,12,0,16,5,18,10,20,12,4,2
1,514,1,8,6,7,14,5,1,1,0,1,2,3,4,5,6,7,8,9,10,11,12,13,14,15,16,17,18,19,20,7,6,2
1,513,1,8,2,2,13,5,1,2,0,1,2,4,4,5,6,7,8,9,10,11,12,13,14,15,16,18,19,20,20,12,2,2
1,505,1,8,2,0,5,5,1,3,0,0,0,0,2,4,4,5,7,8,8,9,10,10,12,0,16,5,18,10,20,12,0,2
2,512,1,8,0,0,12,5,1,3,0,0,0,0,0,0,0,0,0,0,0,0,0,0,0,0,0,0,0,0,0,5,0,2
1,503,1,9,5,20,3,5,1,1,0,1,2,4,5,6,8,10,10,10,12,12,12,15,15,15,17,17,20,20,20,20,6,2
2,508,1,9,4,0,8,5,1,7,0,0,0,0,0,0,0,0,0,0,0,0,0,0,0,0,0,0,0,0,0,8,0,2
1,520,1,9,2,2,20,5,1,7,0,1,1,1,1,2,3,4,5,6,7,8,9,10,11,12,13,14,15,16,17,15,1,2
2,512,1,9,3,0,12,5,1,7,0,0,0,0,0,0,0,0,0,0,0,0,0,0,0,0,0,0,0,0,0,5,0,2
4,524,1,10,0,0,24,5,1,3,19,20,18,19,20,15,19,15,16,19,20,16,18,19,20,18,15,18,20,19,18,19,19,2
1,506,1,10,3,3,6,5,1,2,0,0,0,1,2,2,3,3,3,3,4,4,4,5,5,5,6,6,6,7,7,7,1,2
4,519,1,10,4,5,19,5,1,1,0,0,0,1,2,2,2,3,3,1,2,3,2,2,2,0,2,3,0,0,0,5,2,2
2,512,1,10,3,0,12,5,1,3,0,0,0,0,0,0,0,0,0,0,0,0,0,0,0,0,0,0,0,0,0,5,0,2
1,503,1,1,10,20,3,5,2,8,0,1,2,4,5,6,8,10,10,10,12,12,12,15,15,15,17,17,20,20,20,20,12,1
2,512,1,1,5,0,12,5,2,14,0,0,0,0,0,0,0,0,0,0,0,0,0,0,0,0,0,0,0,0,0,5,0,1
2,511,1,1,3,3,11,5,2,13,0,0,0,0,0,0,0,0,0,0,0,0,0,0,0,0,0,0,0,0,0,6,0,1
4,516,1,1,18,20,16,5,2,8,12,0,0,0,0,0,0,0,0,0,0,0,0,0,0,0,0,0,0,0,0,12,0,1
4,524,1,2,10,17,24,5,2,7,19,20,18,19,20,15,19,15,16,19,20,16,18,19,20,18,15,18,20,19,18,19,20,1
1,513,1,2,14,14,13,5,2,8,0,1,2,4,4,5,6,7,8,9,10,11,12,13,14,15,16,18,19,20,20,12,14,1
3,517,1,2,8,5,17,5,2,11,0,0,1,2,3,4,5,6,7,8,8,8,7,6,5,4,3,2,1,0,0,8,7,1
1,502,1,2,2,1,2,5,2,12,0,0,1,1,1,1,1,1,1,1,1,1,1,1,1,1,1,1,1,1,1,1,1,1
1,502,1,3,4,1,2,5,2,5,0,0,1,1,1,1,1,1,1,1,1,1,1,1,1,1,1,1,1,1,1,1,1,1
1,521,1,3,4,4,21,5,2,4,0,1,2,3,4,5,6,7,8,9,10,11,12,13,14,15,16,17,18,19,20,20,4,1
1,509,1,3,9,0,9,5,2,5,0,0,0,0,0,0,0,0,0,0,0,0,0,0,0,0,0,0,0,0,1,5,0,1
1,507,1,3,8,10,7,5,2,2,0,1,2,3,4,5,6,7,8,9,10,11,12,13,14,15,16,17,18,19,20,10,8,1
1,501,1,4,10,12,1,5,2,3,0,1,2,3,4,5,6,7,8,8,8,8,8,8,8,8,8,8,8,8,8,8,8,1
2,511,1,4,5,4,11,5,2,6,0,0,0,0,0,0,0,0,0,0,0,0,0,0,0,0,0,0,0,0,0,6,0,1
1,506,1,4,5,6,6,5,2,5,0,0,0,1,2,2,3,3,3,3,4,4,4,5,5,5,6,6,6,7,7,7,2,1
2,508,1,4,8,0,8,5,2,7,0,0,0,0,0,0,0,0,0,0,0,0,0,0,0,0,0,0,0,0,0,8,0,1
4,524,1,5,10,0,24,5,2,7,19,20,18,19,20,15,19,15,16,19,20,16,18,19,20,18,15,18,20,19,18,19,20,1
2,515,1,5,5,0,15,5,2,7,0,0,0,0,0,0,0,0,0,0,0,0,0,0,0,0,0,0,0,0,0,0,0,1
2,512,1,5,3,0,12,5,2,7,0,0,0,0,0,0,0,0,0,0,0,0,0,0,0,0,0,0,0,0,0,5,0,1
1,503,1,5,7,20,3,5,2,0,0,1,2,4,5,6,8,10,10,10,12,12,12,15,15,15,17,17,20,20,20,20,10,1
2,523,1,6,1,0,23,5,2,11,0,0,0,0,0,0,0,0,0,0,0,0,0,0,0,0,0,0,0,0,0,0,0,2
1,514,1,6,8,9,14,5,2,8,0,1,2,3,4,5,6,7,8,9,10,11,12,13,14,15,16,17,18,19,20,7,8,2
1,501,1,6,6,20,1,5,2,4,0,1,2,3,4,5,6,7,8,8,8,8,8,8,8,8,8,8,8,8,8,8,6,2
1,506,1,6,7,4,6,5,2,10,0,0,0,1,2,2,3,3,3,3,4,4,4,5,5,5,6,6,6,7,7,7,3,2
1,518,1,7,2,1,18,5,2,0,0,1,3,4,5,6,8,10,10,10,10,9,8,7,14,15,15,12,14,15,15,8,3,2
1,520,1,7,1,1,20,5,2,0,0,1,1,1,1,2,3,4,5,6,7,8,9,10,11,12,13,14,15,16,17,15,1,2
2,515,1,7,8,0,15,5,2,1,0,0,0,0,0,0,0,0,0,0,0,0,0,0,0,0,0,0,0,0,0,0,0,2
1,501,1,7,7,0,1,5,2,1,0,1,2,3,4,5,6,7,8,8,8,8,8,8,8,8,8,8,8,8,8,8,7,2
1,521,1,8,10,10,21,5,2,7,0,1,2,3,4,5,6,7,8,9,10,11,12,13,14,15,16,17,18,19,20,20,10,2
1,509,1,8,4,0,9,5,2,10,0,0,0,0,0,0,0,0,0,0,0,0,0,0,0,0,0,0,0,0,1,5,0,2
1,510,1,8,2,1,10,5,2,10,0,0,1,2,3,4,5,6,7,0,0,10,11,12,13,14,15,16,20,20,20,16,1,2
4,516,1,8,8,20,16,5,2,4,12,0,0,0,0,0,0,0,0,0,0,0,0,0,0,0,0,0,0,0,0,12,0,2
1,518,1,9,1,0,18,5,2,0,0,1,3,4,5,6,8,10,10,10,10,9,8,7,14,15,15,12,14,15,15,8,1,2
1,501,1,9,7,0,1,5,2,0,0,1,2,3,4,5,6,7,8,8,8,8,8,8,8,8,8,8,8,8,8,8,7,2
4,524,1,9,0,0,24,5,2,0,19,20,18,19,20,15,19,15,16,19,20,16,18,19,20,18,15,18,20,19,18,19,19,2
1,505,1,9,3,0,5,5,2,0,0,0,0,0,2,4,4,5,7,8,8,9,10,10,12,0,16,5,18,10,20,12,0,2
1,504,1,10,4,5,4,5,2,1,0,2,3,4,5,5,7,9,10,10,10,10,15,15,15,20,20,20,20,20,20,15,5,2
1,521,1,10,2,1,21,5,2,2,0,1,2,3,4,5,6,7,8,9,10,11,12,13,14,15,16,17,18,19,20,20,2,2
1,509,1,10,4,0,9,5,2,3,0,0,0,0,0,0,0,0,0,0,0,0,0,0,0,0,0,0,0,0,1,5,0,2
1,513,1,10,2,2,13,5,2,2,0,1,2,4,4,5,6,7,8,9,10,11,12,13,14,15,16,18,19,20,20,12,2,2
1,518,1,1,9,8,18,5,3,7,0,1,3,4,5,6,8,10,10,10,10,9,8,7,14,15,15,12,14,15,15,8,10,1
2,515,1,1,10,0,15,5,3,10,0,0,0,0,0,0,0,0,0,0,0,0,0,0,0,0,0,0,0,0,0,0,0,1
1,510,1,1,17,15,10,5,3,5,0,0,1,2,3,4,5,6,7,0,0,10,11,12,13,14,15,16,20,20,20,16,16,1
1,506,1,1,5,7,6,5,3,8,0,0,0,1,2,2,3,3,3,3,4,4,4,5,5,5,6,6,6,7,7,7,2,1
1,503,1,2,10,20,3,5,3,4,0,1,2,4,5,6,8,10,10,10,12,12,12,15,15,15,17,17,20,20,20,20,12,1
1,509,1,2,7,0,9,5,3,11,0,0,0,0,0,0,0,0,0,0,0,0,0,0,0,0,0,0,0,0,1,5,0,1
4,519,1,2,6,6,19,5,3,9,0,0,0,1,2,2,2,3,3,1,2,3,2,2,2,0,2,3,0,0,0,5,2,1
1,518,1,2,7,6,18,5,3,9,0,1,3,4,5,6,8,10,10,10,10,9,8,7,14,15,15,12,14,15,15,8,10,1
1,510,1,3,10,3,10,5,3,3,0,0,1,2,3,4,5,6,7,0,0,10,11,12,13,14,15,16,20,20,20,16,0,1
2,515,1,3,6,0,15,5,3,4,0,0,0,0,0,0,0,0,0,0,0,0,0,0,0,0,0,0,0,0,0,0,0,1
2,512,1,3,6,0,12,5,3,4,0,0,0,0,0,0,0,0,0,0,0,0,0,0,0,0,0,0,0,0,0,5,0,1
1,504,1,3,8,10,4,5,3,1,0,2,3,4,5,5,7,9,10,10,10,10,15,15,15,20,20,20,20,20,20,15,10,1
4,516,1,4,8,15,16,5,3,1,12,0,0,0,0,0,0,0,0,0,0,0,0,0,0,0,0,0,0,0,0,12,0,1
1,521,1,4,4,2,21,5,3,5,0,1,2,3,4,5,6,7,8,9,10,11,12,13,14,15,16,17,18,19,20,20,4,1
1,507,1,4,5,0,7,5,3,6,0,1,2,3,4,5,6,7,8,9,10,11,12,13,14,15,16,17,18,19,20,10,5,1
2,515,1,4,3,0,15,5,3,6,0,0,0,0,0,0,0,0,0,0,0,0,0,0,0,0,0,0,0,0,0,0,0,1
2,508,1,5,9,20,8,5,3,6,0,0,0,0,0,0,0,0,0,0,0,0,0,0,0,0,0,0,0,0,0,8,0,1
4,516,1,5,3,15,16,5,3,8,12,0,0,0,0,0,0,0,0,0,0,0,0,0,0,0,0,0,0,0,0,12,0,1
1,506,1,5,5,4,6,5,3,12,0,0,0,1,2,2,3,3,3,3,4,4,4,5,5,5,6,6,6,7,7,7,2,1
1,521,1,5,4,0,21,5,3,13,0,1,2,3,4,5,6,7,8,9,10,11,12,13,14,15,16,17,18,19,20,20,4,1
1,502,1,6,2,1,2,5,3,2,0,0,1,1,1,1,1,1,1,1,1,1,1,1,1,1,1,1,1,1,1,1,1,2
4,519,1,6,4,0,19,5,3,2,0,0,0,1,2,2,2,3,3,1,2,3,2,2,2,0,2,3,0,0,0,5,2,2
1,513,1,6,4,4,13,5,3,1,0,1,2,4,4,5,6,7,8,9,10,11,12,13,14,15,16,18,19,20,20,12,4,2
1,520,1,6,1,1,20,5,3,2,0,1,1,1,1,2,3,4,5,6,7,8,9,10,11,12,13,14,15,16,17,15,1,2
3,522,1,7,3,4,22,5,3,2,0,1,2,3,4,5,6,7,8,9,10,11,12,13,13,13,12,11,10,8,0,15,3,2
3,517,1,7,2,1,17,5,3,3,0,0,1,2,3,4,5,6,7,8,8,8,7,6,5,4,3,2,1,0,0,8,1,2
1,506,1,7,5,5,6,5,3,2,0,0,0,1,2,2,3,3,3,3,4,4,4,5,5,5,6,6,6,7,7,7,2,2
1,509,1,7,4,0,9,5,3,3,0,0,0,0,0,0,0,0,0,0,0,0,0,0,0,0,0,0,0,0,1,5,0,2
2,515,1,8,3,0,15,5,3,2,0,0,0,0,0,0,0,0,0,0,0,0,0,0,0,0,0,0,0,0,0,0,0,2
1,502,1,8,1,1,2,5,3,2,0,0,1,1,1,1,1,1,1,1,1,1,1,1,1,1,1,1,1,1,1,1,0,2
1,518,1,8,1,0,18,5,3,2,0,1,3,4,5,6,8,10,10,10,10,9,8,7,14,15,15,12,14,15,15,8,1,2
1,504,1,8,3,5,4,5,3,0,0,2,3,4,5,5,7,9,10,10,10,10,15,15,15,20,20,20,20,20,20,15,4,2
1,514,1,9,3,2,14,5,3,2,0,1,2,3,4,5,6,7,8,9,10,11,12,13,14,15,16,17,18,19,20,7,3,2
3,522,1,9,3,3,22,5,3,2,0,1,2,3,4,5,6,7,8,9,10,11,12,13,13,13,12,11,10,8,0,15,3,2
1,507,1,9,3,0,7,5,3,3,0,1,2,3,4,5,6,7,8,9,10,11,12,13,14,15,16,17,18,19,20,10,3,2
1,513,1,9,2,3,13,5,3,2,0,1,2,4,4,5,6,7,8,9,10,11,12,13,14,15,16,18,19,20,20,12,2,2
3,517,1,10,4,3,17,5,3,2,0,0,1,2,3,4,5,6,7,8,8,8,7,6,5,4,3,2,1,0,0,8,3,2
1,510,1,10,3,0,10,5,3,3,0,0,1,2,3,4,5,6,7,0,0,10,11,12,13,14,15,16,20,20,20,16,2,2
2,511,1,10,5,3,11,5,3,2,0,0,0,0,0,0,0,0,0,0,0,0,0,0,0,0,0,0,0,0,0,6,0,2
1,514,1,10,3,3,14,5,3,2,0,1,2,3,4,5,6,7,8,9,10,11,12,13,14,15,16,17,18,19,20,7,3,2
1,505,1,1,6,0,5,5,4,6,0,0,0,0,2,4,4,5,7,8,8,9,10,10,12,0,16,5,18,10,20,12,4,1
1,520,1,1,7,8,20,5,4,3,0,1,1,1,1,2,3,4,5,6,7,8,9,10,11,12,13,14,15,16,17,15,4,1
3,522,1,1,7,8,22,5,4,3,0,1,2,3,4,5,6,7,8,9,10,11,12,13,13,13,12,11,10,8,0,15,7,1
1,521,1,1,3,2,21,5,4,5,0,1,2,3,4,5,6,7,8,9,10,11,12,13,14,15,16,17,18,19,20,20,3,1
1,504,1,2,13,12,4,5,4,2,0,2,3,4,5,5,7,9,10,10,10,10,15,15,15,20,20,20,20,20,20,15,15,1
1,501,1,2,14,0,1,5,4,6,0,1,2,3,4,5,6,7,8,8,8,8,8,8,8,8,8,8,8,8,8,8,8,1
2,515,1,2,10,0,15,5,4,6,0,0,0,0,0,0,0,0,0,0,0,0,0,0,0,0,0,0,0,0,0,0,0,1
1,506,1,2,10,7,6,5,4,4,0,0,0,1,2,2,3,3,3,3,4,4,4,5,5,5,6,6,6,7,7,7,4,1
1,501,1,3,13,0,1,5,4,6,0,1,2,3,4,5,6,7,8,8,8,8,8,8,8,8,8,8,8,8,8,8,8,1
1,506,1,3,6,7,6,5,4,4,0,0,0,1,2,2,3,3,3,3,4,4,4,5,5,5,6,6,6,7,7,7,3,1
4,519,1,3,8,6,19,5,4,4,0,0,0,1,2,2,2,3,3,1,2,3,2,2,2,0,2,3,0,0,0,5,3,1
3,522,1,3,6,6,22,5,4,4,0,1,2,3,4,5,6,7,8,9,10,11,12,13,13,13,12,11,10,8,0,15,6,1
4,519,1,4,7,6,19,5,4,3,0,0,0,1,2,2,2,3,3,1,2,3,2,2,2,0,2,3,0,0,0,5,3,1
3,517,1,4,7,4,17,5,4,4,0,0,1,2,3,4,5,6,7,8,8,8,7,6,5,4,3,2,1,0,0,8,6,1
3,522,1,4,5,4,22,5,4,4,0,1,2,3,4,5,6,7,8,9,10,11,12,13,13,13,12,11,10,8,0,15,5,1
1,502,1,4,4,1,2,5,4,5,0,0,1,1,1,1,1,1,1,1,1,1,1,1,1,1,1,1,1,1,1,1,1,1
3,522,1,5,5,5,22,5,4,4,0,1,2,3,4,5,6,7,8,9,10,11,12,13,13,13,12,11,10,8,0,15,5,1
1,513,1,5,2,2,13,5,4,5,0,1,2,4,4,5,6,7,8,9,10,11,12,13,14,15,16,18,19,20,20,12,2,1
1,518,1,5,8,6,18,5,4,4,0,1,3,4,5,6,8,10,10,10,10,9,8,7,14,15,15,12,14,15,15,8,10,1
1,504,1,5,4,5,4,5,4,4,0,2,3,4,5,5,7,9,10,10,10,10,15,15,15,20,20,20,20,20,20,15,5,1
2,512,1,6,3,0,12,5,4,13,0,0,0,0,0,0,0,0,0,0,0,0,0,0,0,0,0,0,0,0,0,5,0,2
4,516,1,6,10,20,16,5,4,7,12,0,0,0,0,0,0,0,0,0,0,0,0,0,0,0,0,0,0,0,0,12,0,2
2,515,1,6,7,0,15,5,4,13,0,0,0,0,0,0,0,0,0,0,0,0,0,0,0,0,0,0,0,0,0,0,0,2
1,503,1,6,4,20,3,5,4,7,0,1,2,4,5,6,8,10,10,10,12,12,12,15,15,15,17,17,20,20,20,20,5,2
1,504,1,7,4,5,4,5,4,0,0,2,3,4,5,5,7,9,10,10,10,10,15,15,15,20,20,20,20,20,20,15,5,2
1,513,1,7,1,0,13,5,4,2,0,1,2,4,4,5,6,7,8,9,10,11,12,13,14,15,16,18,19,20,20,12,1,2
1,510,1,7,4,0,10,5,4,2,0,0,1,2,3,4,5,6,7,0,0,10,11,12,13,14,15,16,20,20,20,16,3,2
4,524,1,7,0,0,24,5,4,2,19,20,18,19,20,15,19,15,16,19,20,16,18,19,20,18,15,18,20,19,18,19,19,2
2,523,1,8,5,0,23,5,4,6,0,0,0,0,0,0,0,0,0,0,0,0,0,0,0,0,0,0,0,0,0,0,0,2
2,508,1,8,6,8,8,5,4,3,0,0,0,0,0,0,0,0,0,0,0,0,0,0,0,0,0,0,0,0,0,8,0,2
1,501,1,8,3,8,1,5,4,3,0,1,2,3,4,5,6,7,8,8,8,8,8,8,8,8,8,8,8,8,8,8,3,2
3,517,1,8,3,1,17,5,4,5,0,0,1,2,3,4,5,6,7,8,8,8,7,6,5,4,3,2,1,0,0,8,2,2
1,506,1,9,5,4,6,5,4,1,0,0,0,1,2,2,3,3,3,3,4,4,4,5,5,5,6,6,6,7,7,7,2,2
4,519,1,9,3,0,19,5,4,2,0,0,0,1,2,2,2,3,3,1,2,3,2,2,2,0,2,3,0,0,0,5,1,2
1,510,1,9,10,2,10,5,4,1,0,0,1,2,3,4,5,6,7,0,0,10,11,12,13,14,15,16,20,20,20,16,0,2
1,521,1,9,6,0,21,5,4,2,0,1,2,3,4,5,6,7,8,9,10,11,12,13,14,15,16,17,18,19,20,20,6,2
1,520,1,10,3,4,20,5,4,5,0,1,1,1,1,2,3,4,5,6,7,8,9,10,11,12,13,14,15,16,17,15,1,2
4,516,1,10,4,15,16,5,4,1,12,0,0,0,0,0,0,0,0,0,0,0,0,0,0,0,0,0,0,0,0,12,0,2
1,507,1,10,2,0,7,5,4,6,0,1,2,3,4,5,6,7,8,9,10,11,12,13,14,15,16,17,18,19,20,10,2,2
2,515,1,10,3,0,15,5,4,6,0,0,0,0,0,0,0,0,0,0,0,0,0,0,0,0,0,0,0,0,0,0,0,2
1,502,1,1,2,1,2,5,5,9,0,0,1,1,1,1,1,1,1,1,1,1,1,1,1,1,1,1,1,1,1,1,1,1
1,504,1,1,13,13,4,5,5,5,0,2,3,4,5,5,7,9,10,10,10,10,15,15,15,20,20,20,20,20,20,15,15,1
4,519,1,1,20,4,19,5,5,8,0,0,0,1,2,2,2,3,3,1,2,3,2,2,2,0,2,3,0,0,0,5,0,1
1,507,1,1,10,10,7,5,5,6,0,1,2,3,4,5,6,7,8,9,10,11,12,13,14,15,16,17,18,19,20,10,10,1
2,512,1,2,7,0,12,5,5,6,0,0,0,0,0,0,0,0,0,0,0,0,0,0,0,0,0,0,0,0,0,5,0,1
1,521,1,2,4,5,21,5,5,5,0,1,2,3,4,5,6,7,8,9,10,11,12,13,14,15,16,17,18,19,20,20,4,1
2,523,1,2,5,0,23,5,5,6,0,0,0,0,0,0,0,0,0,0,0,0,0,0,0,0,0,0,0,0,0,0,0,1
1,514,1,2,15,14,14,5,5,2,0,1,2,3,4,5,6,7,8,9,10,11,12,13,14,15,16,17,18,19,20,7,15,1
2,523,1,3,6,0,23,5,5,11,0,0,0,0,0,0,0,0,0,0,0,0,0,0,0,0,0,0,0,0,0,0,0,1
4,516,1,3,4,20,16,5,5,4,12,0,0,0,0,0,0,0,0,0,0,0,0,0,0,0,0,0,0,0,0,12,0,1
1,505,1,3,6,0,5,5,5,11,0,0,0,0,2,4,4,5,7,8,8,9,10,10,12,0,16,5,18,10,20,12,4,1
2,511,1,3,11,12,11,5,5,7,0,0,0,0,0,0,0,0,0,0,0,0,0,0,0,0,0,0,0,0,0,6,0,1
1,514,1,4,10,10,14,5,5,12,0,1,2,3,4,5,6,7,8,9,10,11,12,13,14,15,16,17,18,19,20,7,10,1
1,505,1,4,8,0,5,5,5,15,0,0,0,0,2,4,4,5,7,8,8,9,10,10,12,0,16,5,18,10,20,12,7,1
1,503,1,4,6,20,3,5,5,8,0,1,2,4,5,6,8,10,10,10,12,12,12,15,15,15,17,17,20,20,20,20,8,1
4,524,1,4,10,15,24,5,5,10,19,20,18,19,20,15,19,15,16,19,20,16,18,19,20,18,15,18,20,19,18,19,20,1
4,519,1,5,5,3,19,5,5,0,0,0,0,1,2,2,2,3,3,1,2,3,2,2,2,0,2,3,0,0,0,5,2,1
1,510,1,5,4,0,10,5,5,1,0,0,1,2,3,4,5,6,7,0,0,10,11,12,13,14,15,16,20,20,20,16,3,1
1,502,1,5,3,1,2,5,5,1,0,0,1,1,1,1,1,1,1,1,1,1,1,1,1,1,1,1,1,1,1,1,1,1
1,505,1,5,10,0,5,5,5,1,0,0,0,0,2,4,4,5,7,8,8,9,10,10,12,0,16,5,18,10,20,12,8,1
1,518,1,6,4,5,18,5,5,0,0,1,3,4,5,6,8,10,10,10,10,9,8,7,14,15,15,12,14,15,15,8,5,2
1,521,1,6,12,0,21,5,5,2,0,1,2,3,4,5,6,7,8,9,10,11,12,13,14,15,16,17,18,19,20,20,12,2
3,517,1,6,2,0,17,5,5,2,0,0,1,2,3,4,5,6,7,8,8,8,7,6,5,4,3,2,1,0,0,8,1,2
1,509,1,6,5,0,9,5,5,2,0,0,0,0,0,0,0,0,0,0,0,0,0,0,0,0,0,0,0,0,1,5,0,2
2,508,1,7,7,10,8,5,5,4,0,0,0,0,0,0,0,0,0,0,0,0,0,0,0,0,0,0,0,0,0,8,0,2
1,521,1,7,5,3,21,5,5,6,0,1,2,3,4,5,6,7,8,9,10,11,12,13,14,15,16,17,18,19,20,20,5,2
1,514,1,7,8,9,14,5,5,4,0,1,2,3,4,5,6,7,8,9,10,11,12,13,14,15,16,17,18,19,20,7,8,2
1,507,1,7,4,0,7,5,5,7,0,1,2,3,4,5,6,7,8,9,10,11,12,13,14,15,16,17,18,19,20,10,4,2
1,503,1,8,6,20,3,5,5,4,0,1,2,4,5,6,8,10,10,10,12,12,12,15,15,15,17,17,20,20,20,20,8,2
1,506,1,8,4,3,6,5,5,10,0,0,0,1,2,2,3,3,3,3,4,4,4,5,5,5,6,6,6,7,7,7,2,2
2,511,1,8,6,10,11,5,5,8,0,0,0,0,0,0,0,0,0,0,0,0,0,0,0,0,0,0,0,0,0,6,0,2
1,520,1,8,0,0,20,5,5,11,0,1,1,1,1,2,3,4,5,6,7,8,9,10,11,12,13,14,15,16,17,15,0,2
1,502,1,9,1,1,2,5,5,4,0,0,1,1,1,1,1,1,1,1,1,1,1,1,1,1,1,1,1,1,1,1,0,2
3,517,1,9,4,3,17,5,5,4,0,0,1,2,3,4,5,6,7,8,8,8,7,6,5,4,3,2,1,0,0,8,3,2
1,504,1,9,3,10,4,5,5,1,0,2,3,4,5,5,7,9,10,10,10,10,15,15,15,20,20,20,20,20,20,15,4,2
1,509,1,9,5,0,9,5,5,5,0,0,0,0,0,0,0,0,0,0,0,0,0,0,0,0,0,0,0,0,1,5,0,2
2,523,1,10,8,0,23,5,5,0,0,0,0,0,0,0,0,0,0,0,0,0,0,0,0,0,0,0,0,0,0,0,0,2
2,508,1,10,6,0,8,5,5,0,0,0,0,0,0,0,0,0,0,0,0,0,0,0,0,0,0,0,0,0,0,8,0,2
1,518,1,10,0,0,18,5,5,0,0,1,3,4,5,6,8,10,10,10,10,9,8,7,14,15,15,12,14,15,15,8,0,2
1,505,1,10,1,0,5,5,5,0,0,0,0,0,2,4,4,5,7,8,8,9,10,10,12,0,16,5,18,10,20,12,0,2
2,508,1,1,9,0,8,5,6,9,0,0,0,0,0,0,0,0,0,0,0,0,0,0,0,0,0,0,0,0,0,8,0,1
2,523,1,1,20,10,23,5,6,6,0,0,0,0,0,0,0,0,0,0,0,0,0,0,0,0,0,0,0,0,0,0,0,1
1,509,1,1,8,0,9,5,6,9,0,0,0,0,0,0,0,0,0,0,0,0,0,0,0,0,0,0,0,0,1,5,0,1
4,524,1,1,17,18,24,5,6,3,19,20,18,19,20,15,19,15,16,19,20,16,18,19,20,18,15,18,20,19,18,19,18,1
1,510,1,2,15,15,10,5,6,5,0,0,1,2,3,4,5,6,7,0,0,10,11,12,13,14,15,16,20,20,20,16,14,1
1,507,1,2,6,5,7,5,6,8,0,1,2,3,4,5,6,7,8,9,10,11,12,13,14,15,16,17,18,19,20,10,6,1
3,522,1,2,4,5,22,5,6,8,0,1,2,3,4,5,6,7,8,9,10,11,12,13,13,13,12,11,10,8,0,15,4,1
2,511,1,2,4,5,11,5,6,8,0,0,0,0,0,0,0,0,0,0,0,0,0,0,0,0,0,0,0,0,0,6,0,1
4,524,1,3,0,0,24,5,6,12,19,20,18,19,20,15,19,15,16,19,20,16,18,19,20,18,15,18,20,19,18,19,19,1
1,518,1,3,8,8,18,5,6,10,0,1,3,4,5,6,8,10,10,10,10,9,8,7,14,15,15,12,14,15,15,8,10,1
1,514,1,3,8,9,14,5,6,9,0,1,2,3,4,5,6,7,8,9,10,11,12,13,14,15,16,17,18,19,20,7,8,1
1,503,1,3,6,20,3,5,6,6,0,1,2,4,5,6,8,10,10,10,12,12,12,15,15,15,17,17,20,20,20,20,8,1
1,513,1,4,3,0,13,5,6,3,0,1,2,4,4,5,6,7,8,9,10,11,12,13,14,15,16,18,19,20,20,12,4,1
2,512,1,4,4,0,12,5,6,3,0,0,0,0,0,0,0,0,0,0,0,0,0,0,0,0,0,0,0,0,0,5,0,1
1,520,1,4,5,5,20,5,6,2,0,1,1,1,1,2,3,4,5,6,7,8,9,10,11,12,13,14,15,16,17,15,2,1
1,504,1,4,3,5,4,5,6,2,0,2,3,4,5,5,7,9,10,10,10,10,15,15,15,20,20,20,20,20,20,15,4,1
1,507,1,5,5,5,7,5,6,5,0,1,2,3,4,5,6,7,8,9,10,11,12,13,14,15,16,17,18,19,20,10,5,1
1,509,1,5,5,0,9,5,6,7,0,0,0,0,0,0,0,0,0,0,0,0,0,0,0,0,0,0,0,0,1,5,0,1
2,511,1,5,4,4,11,5,6,5,0,0,0,0,0,0,0,0,0,0,0,0,0,0,0,0,0,0,0,0,0,6,0,1
1,514,1,5,11,11,14,5,6,3,0,1,2,3,4,5,6,7,8,9,10,11,12,13,14,15,16,17,18,19,20,7,11,1
1,505,1,6,6,0,5,5,6,4,0,0,0,0,2,4,4,5,7,8,8,9,10,10,12,0,16,5,18,10,20,12,4,2
2,508,1,6,6,0,8,5,6,4,0,0,0,0,0,0,0,0,0,0,0,0,0,0,0,0,0,0,0,0,0,8,0,2
4,524,1,6,7,12,24,5,6,0,19,20,18,19,20,15,19,15,16,19,20,16,18,19,20,18,15,18,20,19,18,19,15,2
2,511,1,6,5,0,11,5,6,4,0,0,0,0,0,0,0,0,0,0,0,0,0,0,0,0,0,0,0,0,0,6,0,2
2,511,1,7,3,2,11,5,6,13,0,0,0,0,0,0,0,0,0,0,0,0,0,0,0,0,0,0,0,0,0,6,0,2
4,516,1,7,10,20,16,5,6,7,12,0,0,0,0,0,0,0,0,0,0,0,0,0,0,0,0,0,0,0,0,12,0,2
2,523,1,7,5,0,23,5,6,14,0,0,0,0,0,0,0,0,0,0,0,0,0,0,0,0,0,0,0,0,0,0,0,2
1,503,1,7,7,20,3,5,6,7,0,1,2,4,5,6,8,10,10,10,12,12,12,15,15,15,17,17,20,20,20,20,10,2
1,507,1,8,5,5,7,5,6,2,0,1,2,3,4,5,6,7,8,9,10,11,12,13,14,15,16,17,18,19,20,10,5,2
4,524,1,8,1,0,24,5,6,4,19,20,18,19,20,15,19,15,16,19,20,16,18,19,20,18,15,18,20,19,18,19,20,2
3,522,1,8,3,4,22,5,6,3,0,1,2,3,4,5,6,7,8,9,10,11,12,13,13,13,12,11,10,8,0,15,3,2
4,519,1,8,3,3,19,5,6,3,0,0,0,1,2,2,2,3,3,1,2,3,2,2,2,0,2,3,0,0,0,5,1,2
4,516,1,9,5,20,16,5,6,1,12,0,0,0,0,0,0,0,0,0,0,0,0,0,0,0,0,0,0,0,0,12,0,2
2,523,1,9,3,0,23,5,6,7,0,0,0,0,0,0,0,0,0,0,0,0,0,0,0,0,0,0,0,0,0,0,0,2
2,511,1,9,4,2,11,5,6,7,0,0,0,0,0,0,0,0,0,0,0,0,0,0,0,0,0,0,0,0,0,6,0,2
2,515,1,9,3,0,15,5,6,7,0,0,0,0,0,0,0,0,0,0,0,0,0,0,0,0,0,0,0,0,0,0,0,2
1,502,1,10,2,1,2,5,6,7,0,0,1,1,1,1,1,1,1,1,1,1,1,1,1,1,1,1,1,1,1,1,1,2
3,522,1,10,2,2,22,5,6,7,0,1,2,3,4,5,6,7,8,9,10,11,12,13,13,13,12,11,10,8,0,15,2,2
1,503,1,10,5,20,3,5,6,1,0,1,2,4,5,6,8,10,10,10,12,12,12,15,15,15,17,17,20,20,20,20,6,2
1,501,1,10,5,0,1,5,6,8,0,1,2,3,4,5,6,7,8,8,8,8,8,8,8,8,8,8,8,8,8,8,5,2
2,614,1,1,6,0,14,6,1,0,0,0,0,0,0,0,0,0,0,0,0,0,0,0,0,0,0,0,0,0,0,0,0,1
2,613,1,1,2,0,13,6,1,0,0,0,0,0,0,0,0,0,0,0,0,0,0,0,0,0,0,0,0,0,0,3,0,1
3,601,1,1,2,0,1,6,1,0,0,1,2,3,4,5,6,7,8,9,10,10,10,10,10,10,10,10,10,5,0,5,2,1
1,617,1,1,12,0,17,6,1,0,3,3,3,3,3,4,5,10,10,10,10,10,10,10,15,15,15,15,15,15,15,14,10,1
4,616,1,2,5,0,16,6,1,6,20,20,20,20,20,20,20,20,20,20,20,20,20,20,20,20,20,20,20,20,20,0,20,1
1,605,1,2,8,5,5,6,1,5,0,1,2,4,5,6,7,8,9,10,11,12,14,15,16,17,18,18,19,20,20,20,9,1
1,620,1,2,8,12,20,6,1,2,0,0,0,0,1,2,2,3,3,3,4,4,4,4,5,5,5,6,6,6,7,10,3,1
1,608,1,2,6,2,8,6,1,6,0,0,0,1,2,2,3,3,4,4,5,6,6,7,7,8,8,9,10,10,10,2,3,1
2,613,1,3,2,0,13,6,1,7,0,0,0,0,0,0,0,0,0,0,0,0,0,0,0,0,0,0,0,0,0,3,0,1
1,608,1,3,7,3,8,6,1,6,0,0,0,1,2,2,3,3,4,4,5,6,6,7,7,8,8,9,10,10,10,2,3,1
1,620,1,3,6,8,20,6,1,4,0,0,0,0,1,2,2,3,3,3,4,4,4,4,5,5,5,6,6,6,7,10,2,1
1,617,1,3,4,10,17,6,1,4,3,3,3,3,3,4,5,10,10,10,10,10,10,10,15,15,15,15,15,15,15,14,3,1
3,618,1,4,7,10,18,6,1,2,0,0,0,0,0,0,0,5,5,5,0,5,5,5,5,4,3,2,1,0,0,17,5,1
4,623,1,4,5,0,23,6,1,5,0,1,1,1,4,1,6,8,2,9,0,10,2,15,15,0,16,18,0,20,0,18,1,1
3,610,1,4,7,6,10,6,1,3,0,1,0,0,0,0,0,0,0,0,0,0,0,0,0,0,0,0,0,0,0,20,0,1
1,609,1,4,7,0,9,6,1,5,0,1,2,3,4,5,6,7,8,9,10,11,12,13,14,15,16,17,18,19,20,0,7,1
4,623,1,5,5,1,23,6,1,9,0,1,1,1,4,1,6,8,2,9,0,10,2,15,15,0,16,18,0,20,0,18,1,1
1,620,1,5,4,7,20,6,1,7,0,0,0,0,1,2,2,3,3,3,4,4,4,4,5,5,5,6,6,6,7,10,1,1
1,617,1,5,7,0,17,6,1,9,3,3,3,3,3,4,5,10,10,10,10,10,10,10,15,15,15,15,15,15,15,14,10,1
3,601,1,5,0,20,1,6,1,3,0,1,2,3,4,5,6,7,8,9,10,10,10,10,10,10,10,10,10,5,0,5,0,1
1,604,1,6,3,0,4,6,1,5,0,0,0,0,0,0,0,1,1,1,1,1,1,1,1,1,1,1,1,1,1,5,0,2
3,610,1,6,10,10,10,6,1,2,0,1,0,0,0,0,0,0,0,0,0,0,0,0,0,0,0,0,0,0,0,20,0,2
1,622,1,6,8,1,22,6,1,5,0,1,1,1,1,1,1,1,1,1,1,1,1,1,1,2,2,2,2,2,2,10,1,2
1,607,1,6,2,4,7,6,1,4,0,1,2,3,4,5,6,7,8,9,10,11,12,13,14,15,16,17,18,19,20,8,2,2
1,612,1,7,3,5,12,6,1,1,0,1,2,3,4,5,6,7,8,9,10,11,11,12,12,13,14,15,16,17,17,17,3,2
1,602,1,7,6,0,2,6,1,3,0,0,2,2,2,2,4,4,4,6,10,6,7,7,6,5,3,5,17,18,20,12,4,2
1,605,1,7,4,3,5,6,1,2,0,1,2,4,5,6,7,8,9,10,11,12,14,15,16,17,18,18,19,20,20,20,5,2
1,619,1,7,7,0,19,6,1,3,0,0,0,0,0,1,2,3,4,5,5,6,6,7,7,8,8,9,9,10,10,20,3,2
2,614,1,8,5,0,14,6,1,2,0,0,0,0,0,0,0,0,0,0,0,0,0,0,0,0,0,0,0,0,0,0,0,2
1,605,1,8,3,2,5,6,1,2,0,1,2,4,5,6,7,8,9,10,11,12,14,15,16,17,18,18,19,20,20,20,4,2
1,612,1,8,2,5,12,6,1,1,0,1,2,3,4,5,6,7,8,9,10,11,11,12,12,13,14,15,16,17,17,17,2,2
2,613,1,8,1,0,13,6,1,2,0,0,0,0,0,0,0,0,0,0,0,0,0,0,0,0,0,0,0,0,0,3,0,2
3,603,1,9,5,0,3,6,1,4,0,0,0,0,4,6,6,9,6,6,0,1,1,1,0,0,0,0,0,0,0,8,6,2
1,608,1,9,3,1,8,6,1,4,0,0,0,1,2,2,3,3,4,4,5,6,6,7,7,8,8,9,10,10,10,2,1,2
1,620,1,9,3,7,20,6,1,2,0,0,0,0,1,2,2,3,3,3,4,4,4,4,5,5,5,6,6,6,7,10,0,2
1,612,1,9,2,5,12,6,1,3,0,1,2,3,4,5,6,7,8,9,10,11,11,12,12,13,14,15,16,17,17,17,2,2
1,606,1,10,6,2,6,6,1,2,0,0,0,0,0,0,0,0,0,0,0,0,0,0,0,0,0,0,0,1,1,0,0,2
1,619,1,10,5,0,19,6,1,2,0,0,0,0,0,1,2,3,4,5,5,6,6,7,7,8,8,9,9,10,10,20,1,2
2,624,1,10,0,0,24,6,1,2,0,0,0,0,0,0,0,0,0,0,0,0,0,0,0,0,0,0,0,0,0,5,0,2
1,612,1,10,3,5,12,6,1,1,0,1,2,3,4,5,6,7,8,9,10,11,11,12,12,13,14,15,16,17,17,17,3,2
4,616,1,1,5,0,16,6,2,10,20,20,20,20,20,20,20,20,20,20,20,20,20,20,20,20,20,20,20,20,20,0,20,1
3,603,1,1,8,7,3,6,2,8,0,0,0,0,4,6,6,9,6,6,0,1,1,1,0,0,0,0,0,0,0,8,6,1
4,611,1,1,9,8,11,6,2,7,0,1,1,6,5,5,1,9,10,6,10,13,9,10,4,10,5,7,5,10,0,7,6,1
1,612,1,1,11,15,12,6,2,5,0,1,2,3,4,5,6,7,8,9,10,11,11,12,12,13,14,15,16,17,17,17,11,1
2,613,1,2,1,0,13,6,2,9,0,0,0,0,0,0,0,0,0,0,0,0,0,0,0,0,0,0,0,0,0,3,0,1
1,617,1,2,10,20,17,6,2,2,3,3,3,3,3,4,5,10,10,10,10,10,10,10,15,15,15,15,15,15,15,14,10,1
2,624,1,2,2,0,24,6,2,9,0,0,0,0,0,0,0,0,0,0,0,0,0,0,0,0,0,0,0,0,0,5,0,1
1,602,1,2,7,7,2,6,2,7,0,0,2,2,2,2,4,4,4,6,10,6,7,7,6,5,3,5,17,18,20,12,4,1
1,607,1,3,7,9,7,6,2,5,0,1,2,3,4,5,6,7,8,9,10,11,12,13,14,15,16,17,18,19,20,8,7,1
1,609,1,3,7,0,9,6,2,8,0,1,2,3,4,5,6,7,8,9,10,11,12,13,14,15,16,17,18,19,20,0,7,1
1,602,1,3,7,15,2,6,2,3,0,0,2,2,2,2,4,4,4,6,10,6,7,7,6,5,3,5,17,18,20,12,4,1
1,621,1,3,10,0,21,6,2,8,0,2,2,3,3,4,4,6,7,9,9,11,11,13,16,13,16,16,18,18,18,9,9,1
3,601,1,4,1,0,1,6,2,1,0,1,2,3,4,5,6,7,8,9,10,10,10,10,10,10,10,10,10,5,0,5,1,1
1,606,1,4,5,0,6,6,2,1,0,0,0,0,0,0,0,0,0,0,0,0,0,0,0,0,0,0,0,1,1,0,0,1
1,608,1,4,5,2,8,6,2,0,0,0,0,1,2,2,3,3,4,4,5,6,6,7,7,8,8,9,10,10,10,2,2,1
4,611,1,4,5,1,11,6,2,1,0,1,1,6,5,5,1,9,10,6,10,13,9,10,4,10,5,7,5,10,0,7,5,1
2,624,1,5,3,0,24,6,2,4,0,0,0,0,0,0,0,0,0,0,0,0,0,0,0,0,0,0,0,0,0,5,0,1
1,615,1,5,5,0,15,6,2,4,0,1,2,3,4,5,6,7,8,9,5,5,5,5,5,5,5,5,10,10,10,10,5,1
3,603,1,5,5,1,3,6,2,3,0,0,0,0,4,6,6,9,6,6,0,1,1,1,0,0,0,0,0,0,0,8,6,1
1,612,1,5,3,10,12,6,2,0,0,1,2,3,4,5,6,7,8,9,10,11,11,12,12,13,14,15,16,17,17,17,3,1
4,623,1,6,10,20,23,6,2,0,0,1,1,1,4,1,6,8,2,9,0,10,2,15,15,0,16,18,0,20,0,18,0,2
3,601,1,6,0,0,1,6,2,7,0,1,2,3,4,5,6,7,8,9,10,10,10,10,10,10,10,10,10,5,0,5,0,2
1,606,1,6,3,0,6,6,2,7,0,0,0,0,0,0,0,0,0,0,0,0,0,0,0,0,0,0,0,1,1,0,0,2
2,614,1,6,5,0,14,6,2,7,0,0,0,0,0,0,0,0,0,0,0,0,0,0,0,0,0,0,0,0,0,0,0,2
3,601,1,7,0,0,1,6,2,6,0,1,2,3,4,5,6,7,8,9,10,10,10,10,10,10,10,10,10,5,0,5,0,2
1,620,1,7,5,5,20,6,2,4,0,0,0,0,1,2,2,3,3,3,4,4,4,4,5,5,5,6,6,6,7,10,2,2
1,615,1,7,3,2,15,6,2,5,0,1,2,3,4,5,6,7,8,9,5,5,5,5,5,5,5,5,10,10,10,10,3,2
3,618,1,7,9,10,18,6,2,2,0,0,0,0,0,0,0,5,5,5,0,5,5,5,5,4,3,2,1,0,0,17,5,2
4,616,1,8,2,0,16,6,2,3,20,20,20,20,20,20,20,20,20,20,20,20,20,20,20,20,20,20,20,20,20,0,20,2
1,609,1,8,8,0,9,6,2,3,0,1,2,3,4,5,6,7,8,9,10,11,12,13,14,15,16,17,18,19,20,0,8,2
3,610,1,8,1,2,10,6,2,2,0,1,0,0,0,0,0,0,0,0,0,0,0,0,0,0,0,0,0,0,0,20,1,2
1,621,1,8,7,7,21,6,2,1,0,2,2,3,3,4,4,6,7,9,9,11,11,13,16,13,16,16,18,18,18,9,6,2
3,601,1,9,1,0,1,6,2,1,0,1,2,3,4,5,6,7,8,9,10,10,10,10,10,10,10,10,10,5,0,5,1,2
2,624,1,9,1,0,24,6,2,1,0,0,0,0,0,0,0,0,0,0,0,0,0,0,0,0,0,0,0,0,0,5,0,2
1,605,1,9,3,1,5,6,2,0,0,1,2,4,5,6,7,8,9,10,11,12,14,15,16,17,18,18,19,20,20,20,4,2
3,618,1,9,3,1,18,6,2,0,0,0,0,0,0,0,0,5,5,5,0,5,5,5,5,4,3,2,1,0,0,17,0,2
1,604,1,10,2,0,4,6,2,1,0,0,0,0,0,0,0,1,1,1,1,1,1,1,1,1,1,1,1,1,1,5,0,2
1,621,1,10,6,3,21,6,2,0,0,2,2,3,3,4,4,6,7,9,9,11,11,13,16,13,16,16,18,18,18,9,4,2
1,609,1,10,1,0,9,6,2,1,0,1,2,3,4,5,6,7,8,9,10,11,12,13,14,15,16,17,18,19,20,0,1,2
2,613,1,10,2,0,13,6,2,1,0,0,0,0,0,0,0,0,0,0,0,0,0,0,0,0,0,0,0,0,0,3,0,2
1,615,1,1,11,12,15,6,3,7,0,1,2,3,4,5,6,7,8,9,5,5,5,5,5,5,5,5,10,10,10,10,5,1
3,610,1,1,10,10,10,6,3,7,0,1,0,0,0,0,0,0,0,0,0,0,0,0,0,0,0,0,0,0,0,20,0,1
3,618,1,1,8,10,18,6,3,7,0,0,0,0,0,0,0,5,5,5,0,5,5,5,5,4,3,2,1,0,0,17,5,1
1,606,1,1,2,0,6,6,3,11,0,0,0,0,0,0,0,0,0,0,0,0,0,0,0,0,0,0,0,1,1,0,0,1
1,609,1,2,6,0,9,6,3,9,0,1,2,3,4,5,6,7,8,9,10,11,12,13,14,15,16,17,18,19,20,0,6,1
3,603,1,2,6,5,3,6,3,7,0,0,0,0,4,6,6,9,6,6,0,1,1,1,0,0,0,0,0,0,0,8,6,1
1,619,1,2,8,7,19,6,3,7,0,0,0,0,0,1,2,3,4,5,5,6,6,7,7,8,8,9,9,10,10,20,4,1
3,618,1,2,13,15,18,6,3,4,0,0,0,0,0,0,0,5,5,5,0,5,5,5,5,4,3,2,1,0,0,17,5,1
1,604,1,3,5,1,4,6,3,8,0,0,0,0,0,0,0,1,1,1,1,1,1,1,1,1,1,1,1,1,1,5,0,1
3,610,1,3,4,4,10,6,3,7,0,1,0,0,0,0,0,0,0,0,0,0,0,0,0,0,0,0,0,0,0,20,0,1
1,615,1,3,5,5,15,6,3,6,0,1,2,3,4,5,6,7,8,9,5,5,5,5,5,5,5,5,10,10,10,10,5,1
1,612,1,3,8,14,12,6,3,3,0,1,2,3,4,5,6,7,8,9,10,11,11,12,12,13,14,15,16,17,17,17,8,1
1,621,1,4,9,6,21,6,3,5,0,2,2,3,3,4,4,6,7,9,9,11,11,13,16,13,16,16,18,18,18,9,9,1
1,607,1,4,6,9,7,6,3,4,0,1,2,3,4,5,6,7,8,9,10,11,12,13,14,15,16,17,18,19,20,8,6,1
4,616,1,4,5,0,16,6,3,7,20,20,20,20,20,20,20,20,20,20,20,20,20,20,20,20,20,20,20,20,20,0,20,1
1,615,1,4,5,5,15,6,3,5,0,1,2,3,4,5,6,7,8,9,5,5,5,5,5,5,5,5,10,10,10,10,5,1
1,608,1,5,5,2,8,6,3,1,0,0,0,1,2,2,3,3,4,4,5,6,6,7,7,8,8,9,10,10,10,2,2,1
4,616,1,5,5,0,16,6,3,2,20,20,20,20,20,20,20,20,20,20,20,20,20,20,20,20,20,20,20,20,20,0,20,1
1,621,1,5,6,3,21,6,3,1,0,2,2,3,3,4,4,6,7,9,9,11,11,13,16,13,16,16,18,18,18,9,4,1
1,606,1,5,3,0,6,6,3,2,0,0,0,0,0,0,0,0,0,0,0,0,0,0,0,0,0,0,0,1,1,0,0,1
1,619,1,6,9,9,19,6,3,4,0,0,0,0,0,1,2,3,4,5,5,6,6,7,7,8,8,9,9,10,10,20,5,2
1,620,1,6,8,8,20,6,3,5,0,0,0,0,1,2,2,3,3,3,4,4,4,4,5,5,5,6,6,6,7,10,3,2
2,613,1,6,1,0,13,6,3,7,0,0,0,0,0,0,0,0,0,0,0,0,0,0,0,0,0,0,0,0,0,3,0,2
1,602,1,6,5,5,2,6,3,6,0,0,2,2,2,2,4,4,4,6,10,6,7,7,6,5,3,5,17,18,20,12,2,2
1,609,1,7,6,0,9,6,3,5,0,1,2,3,4,5,6,7,8,9,10,11,12,13,14,15,16,17,18,19,20,0,6,2
1,606,1,7,4,0,6,6,3,5,0,0,0,0,0,0,0,0,0,0,0,0,0,0,0,0,0,0,0,1,1,0,0,2
1,622,1,7,4,4,22,6,3,4,0,1,1,1,1,1,1,1,1,1,1,1,1,1,1,2,2,2,2,2,2,10,1,2
1,617,1,7,8,12,17,6,3,1,3,3,3,3,3,4,5,10,10,10,10,10,10,10,15,15,15,15,15,15,15,14,10,2
1,604,1,8,2,1,4,6,3,5,0,0,0,0,0,0,0,1,1,1,1,1,1,1,1,1,1,1,1,1,1,5,0,2
3,618,1,8,5,0,18,6,3,6,0,0,0,0,0,0,0,5,5,5,0,5,5,5,5,4,3,2,1,0,0,17,0,2
1,615,1,8,5,4,15,6,3,4,0,1,2,3,4,5,6,7,8,9,5,5,5,5,5,5,5,5,10,10,10,10,5,2
1,602,1,8,5,12,2,6,3,2,0,0,2,2,2,2,4,4,4,6,10,6,7,7,6,5,3,5,17,18,20,12,2,2
1,607,1,9,4,4,7,6,3,0,0,1,2,3,4,5,6,7,8,9,10,11,12,13,14,15,16,17,18,19,20,8,4,2
2,613,1,9,2,0,13,6,3,2,0,0,0,0,0,0,0,0,0,0,0,0,0,0,0,0,0,0,0,0,0,3,0,2
2,614,1,9,4,0,14,6,3,2,0,0,0,0,0,0,0,0,0,0,0,0,0,0,0,0,0,0,0,0,0,0,0,2
1,622,1,9,4,1,22,6,3,1,0,1,1,1,1,1,1,1,1,1,1,1,1,1,1,2,2,2,2,2,2,10,1,2
4,611,1,10,2,8,11,6,3,6,0,1,1,6,5,5,1,9,10,6,10,13,9,10,4,10,5,7,5,10,0,7,1,2
2,614,1,10,4,0,14,6,3,9,0,0,0,0,0,0,0,0,0,0,0,0,0,0,0,0,0,0,0,0,0,0,0,2
1,617,1,10,8,12,17,6,3,5,3,3,3,3,3,4,5,10,10,10,10,10,10,10,15,15,15,15,15,15,15,14,10,2
3,610,1,10,6,6,10,6,3,7,0,1,0,0,0,0,0,0,0,0,0,0,0,0,0,0,0,0,0,0,0,20,0,2
1,621,1,1,11,0,21,6,4,10,0,2,2,3,3,4,4,6,7,9,9,11,11,13,16,13,16,16,18,18,18,9,11,1
1,605,1,1,15,19,5,6,4,4,0,1,2,4,5,6,7,8,9,10,11,12,14,15,16,17,18,18,19,20,20,20,17,1
1,620,1,1,11,10,20,6,4,7,0,0,0,0,1,2,2,3,3,3,4,4,4,4,5,5,5,6,6,6,7,10,4,1
1,622,1,1,7,1,22,6,4,10,0,1,1,1,1,1,1,1,1,1,1,1,1,1,1,2,2,2,2,2,2,10,1,1
1,615,1,2,10,8,15,6,4,2,0,1,2,3,4,5,6,7,8,9,5,5,5,5,5,5,5,5,10,10,10,10,5,1
1,606,1,2,6,0,6,6,4,4,0,0,0,0,0,0,0,0,0,0,0,0,0,0,0,0,0,0,0,1,1,0,0,1
3,601,1,2,1,0,1,6,4,4,0,1,2,3,4,5,6,7,8,9,10,10,10,10,10,10,10,10,10,5,0,5,1,1
1,604,1,2,6,5,4,6,4,3,0,0,0,0,0,0,0,1,1,1,1,1,1,1,1,1,1,1,1,1,1,5,0,1
1,622,1,3,8,1,22,6,4,3,0,1,1,1,1,1,1,1,1,1,1,1,1,1,1,2,2,2,2,2,2,10,1,1
1,606,1,3,6,0,6,6,4,3,0,0,0,0,0,0,0,0,0,0,0,0,0,0,0,0,0,0,0,1,1,0,0,1
3,601,1,3,0,0,1,6,4,3,0,1,2,3,4,5,6,7,8,9,10,10,10,10,10,10,10,10,10,5,0,5,0,1
1,619,1,3,8,8,19,6,4,0,0,0,0,0,0,1,2,3,4,5,5,6,6,7,7,8,8,9,9,10,10,20,4,1
1,602,1,4,3,16,2,6,4,6,0,0,2,2,2,2,4,4,4,6,10,6,7,7,6,5,3,5,17,18,20,12,2,1
1,622,1,4,5,2,22,6,4,10,0,1,1,1,1,1,1,1,1,1,1,1,1,1,1,2,2,2,2,2,2,10,1,1
1,619,1,4,6,5,19,6,4,9,0,0,0,0,0,1,2,3,4,5,5,6,6,7,7,8,8,9,9,10,10,20,2,1
1,617,1,4,4,10,17,6,4,8,3,3,3,3,3,4,5,10,10,10,10,10,10,10,15,15,15,15,15,15,15,14,3,1
1,604,1,5,5,2,4,6,4,1,0,0,0,0,0,0,0,1,1,1,1,1,1,1,1,1,1,1,1,1,1,5,0,1
3,618,1,5,4,1,18,6,4,1,0,0,0,0,0,0,0,5,5,5,0,5,5,5,5,4,3,2,1,0,0,17,0,1
2,613,1,5,1,0,13,6,4,2,0,0,0,0,0,0,0,0,0,0,0,0,0,0,0,0,0,0,0,0,0,3,0,1
1,622,1,5,8,2,22,6,4,1,0,1,1,1,1,1,1,1,1,1,1,1,1,1,1,2,2,2,2,2,2,10,1,1
1,612,1,6,2,5,12,6,4,2,0,1,2,3,4,5,6,7,8,9,10,11,11,12,12,13,14,15,16,17,17,17,2,2
4,616,1,6,5,0,16,6,4,3,20,20,20,20,20,20,20,20,20,20,20,20,20,20,20,20,20,20,20,20,20,0,20,2
1,615,1,6,5,3,15,6,4,2,0,1,2,3,4,5,6,7,8,9,5,5,5,5,5,5,5,5,10,10,10,10,5,2
3,603,1,6,4,2,3,6,4,3,0,0,0,0,4,6,6,9,6,6,0,1,1,1,0,0,0,0,0,0,0,8,4,2
2,624,1,7,1,0,24,6,4,2,0,0,0,0,0,0,0,0,0,0,0,0,0,0,0,0,0,0,0,0,0,5,0,2
2,613,1,7,1,0,13,6,4,2,0,0,0,0,0,0,0,0,0,0,0,0,0,0,0,0,0,0,0,0,0,3,0,2
3,610,1,7,4,4,10,6,4,1,0,1,0,0,0,0,0,0,0,0,0,0,0,0,0,0,0,0,0,0,0,20,0,2
1,604,1,7,6,2,4,6,4,1,0,0,0,0,0,0,0,1,1,1,1,1,1,1,1,1,1,1,1,1,1,5,0,2
1,608,1,8,3,1,8,6,4,1,0,0,0,1,2,2,3,3,4,4,5,6,6,7,7,8,8,9,10,10,10,2,1,2
4,623,1,8,2,2,23,6,4,0,0,1,1,1,4,1,6,8,2,9,0,10,2,15,15,0,16,18,0,20,0,18,1,2
3,601,1,8,3,0,1,6,4,1,0,1,2,3,4,5,6,7,8,9,10,10,10,10,10,10,10,10,10,5,0,5,3,2
1,617,1,8,2,0,17,6,4,1,3,3,3,3,3,4,5,10,10,10,10,10,10,10,15,15,15,15,15,15,15,14,3,2
1,606,1,9,5,2,6,6,4,6,0,0,0,0,0,0,0,0,0,0,0,0,0,0,0,0,0,0,0,1,1,0,0,2
1,619,1,9,5,3,19,6,4,5,0,0,0,0,0,1,2,3,4,5,5,6,6,7,7,8,8,9,9,10,10,20,1,2
3,610,1,9,5,5,10,6,4,5,0,1,0,0,0,0,0,0,0,0,0,0,0,0,0,0,0,0,0,0,0,20,0,2
1,621,1,9,5,9,21,6,4,3,0,2,2,3,3,4,4,6,7,9,9,11,11,13,16,13,16,16,18,18,18,9,4,2
1,607,1,10,1,0,7,6,4,2,0,1,2,3,4,5,6,7,8,9,10,11,12,13,14,15,16,17,18,19,20,8,1,2
1,615,1,10,3,3,15,6,4,1,0,1,2,3,4,5,6,7,8,9,5,5,5,5,5,5,5,5,10,10,10,10,3,2
4,616,1,10,2,0,16,6,4,2,20,20,20,20,20,20,20,20,20,20,20,20,20,20,20,20,20,20,20,20,20,0,20,2
1,620,1,10,2,3,20,6,4,1,0,0,0,0,1,2,2,3,3,3,4,4,4,4,5,5,5,6,6,6,7,10,0,2
1,604,1,1,5,3,4,6,5,8,0,0,0,0,0,0,0,1,1,1,1,1,1,1,1,1,1,1,1,1,1,5,0,1
1,619,1,1,10,8,19,6,5,7,0,0,0,0,0,1,2,3,4,5,5,6,6,7,7,8,8,9,9,10,10,20,5,1
1,602,1,1,9,8,2,6,5,7,0,0,2,2,2,2,4,4,4,6,10,6,7,7,6,5,3,5,17,18,20,12,6,1
1,607,1,1,9,9,7,6,5,6,0,1,2,3,4,5,6,7,8,9,10,11,12,13,14,15,16,17,18,19,20,8,9,1
2,614,1,2,4,1,14,6,5,10,0,0,0,0,0,0,0,0,0,0,0,0,0,0,0,0,0,0,0,0,0,0,0,1
1,612,1,2,8,14,12,6,5,6,0,1,2,3,4,5,6,7,8,9,10,11,11,12,12,13,14,15,16,17,17,17,8,1
4,623,1,2,14,12,23,6,5,7,0,1,1,1,4,1,6,8,2,9,0,10,2,15,15,0,16,18,0,20,0,18,15,1
1,621,1,2,11,5,21,6,5,9,0,2,2,3,3,4,4,6,7,9,9,11,11,13,16,13,16,16,18,18,18,9,11,1
4,611,1,3,9,8,11,6,5,3,0,1,1,6,5,5,1,9,10,6,10,13,9,10,4,10,5,7,5,10,0,7,6,1
4,623,1,3,5,4,23,6,5,4,0,1,1,1,4,1,6,8,2,9,0,10,2,15,15,0,16,18,0,20,0,18,1,1
1,605,1,3,5,5,5,6,5,4,0,1,2,4,5,6,7,8,9,10,11,12,14,15,16,17,18,18,19,20,20,20,6,1
4,616,1,3,5,0,16,6,5,6,20,20,20,20,20,20,20,20,20,20,20,20,20,20,20,20,20,20,20,20,20,0,20,1
1,605,1,4,5,5,5,6,5,0,0,1,2,4,5,6,7,8,9,10,11,12,14,15,16,17,18,18,19,20,20,20,6,1
2,614,1,4,5,1,14,6,5,2,0,0,0,0,0,0,0,0,0,0,0,0,0,0,0,0,0,0,0,0,0,0,0,1
2,624,1,4,3,0,24,6,5,2,0,0,0,0,0,0,0,0,0,0,0,0,0,0,0,0,0,0,0,0,0,5,0,1
3,603,1,4,6,0,3,6,5,2,0,0,0,0,4,6,6,9,6,6,0,1,1,1,0,0,0,0,0,0,0,8,6,1
1,619,1,5,9,8,19,6,5,9,0,0,0,0,0,1,2,3,4,5,5,6,6,7,7,8,8,9,9,10,10,20,5,1
1,602,1,5,6,18,2,6,5,5,0,0,2,2,2,2,4,4,4,6,10,6,7,7,6,5,3,5,17,18,20,12,4,1
1,605,1,5,2,0,5,6,5,11,0,1,2,4,5,6,7,8,9,10,11,12,14,15,16,17,18,18,19,20,20,20,2,1
3,610,1,5,6,8,10,6,5,9,0,1,0,0,0,0,0,0,0,0,0,0,0,0,0,0,0,0,0,0,0,20,0,1
1,609,1,6,6,0,9,6,5,9,0,1,2,3,4,5,6,7,8,9,10,11,12,13,14,15,16,17,18,19,20,0,6,2
1,621,1,6,9,11,21,6,5,5,0,2,2,3,3,4,4,6,7,9,9,11,11,13,16,13,16,16,18,18,18,9,9,2
1,617,1,6,8,15,17,6,5,4,3,3,3,3,3,4,5,10,10,10,10,10,10,10,15,15,15,15,15,15,15,14,10,2
3,618,1,6,1,1,18,6,5,9,0,0,0,0,0,0,0,5,5,5,0,5,5,5,5,4,3,2,1,0,0,17,0,2
2,614,1,7,4,1,14,6,5,5,0,0,0,0,0,0,0,0,0,0,0,0,0,0,0,0,0,0,0,0,0,0,0,2
1,608,1,7,3,1,8,6,5,5,0,0,0,1,2,2,3,3,4,4,5,6,6,7,7,8,8,9,10,10,10,2,1,2
1,621,1,7,7,9,21,6,5,2,0,2,2,3,3,4,4,6,7,9,9,11,11,13,16,13,16,16,18,18,18,9,6,2
1,607,1,7,4,4,7,6,5,4,0,1,2,3,4,5,6,7,8,9,10,11,12,13,14,15,16,17,18,19,20,8,4,2
3,603,1,8,3,0,3,6,5,3,0,0,0,0,4,6,6,9,6,6,0,1,1,1,0,0,0,0,0,0,0,8,0,2
1,606,1,8,4,0,6,6,5,3,0,0,0,0,0,0,0,0,0,0,0,0,0,0,0,0,0,0,0,1,1,0,0,2
1,620,1,8,4,7,20,6,5,1,0,0,0,0,1,2,2,3,3,3,4,4,4,4,5,5,5,6,6,6,7,10,1,2
4,611,1,8,1,2,11,6,5,2,0,1,1,6,5,5,1,9,10,6,10,13,9,10,4,10,5,7,5,10,0,7,1,2
1,602,1,9,2,3,2,6,5,0,0,0,2,2,2,2,4,4,4,6,10,6,7,7,6,5,3,5,17,18,20,12,2,2
1,604,1,9,3,1,4,6,5,1,0,0,0,0,0,0,0,1,1,1,1,1,1,1,1,1,1,1,1,1,1,5,0,2
1,609,1,9,5,0,9,6,5,1,0,1,2,3,4,5,6,7,8,9,10,11,12,13,14,15,16,17,18,19,20,0,5,2
1,617,1,9,1,0,17,6,5,1,3,3,3,3,3,4,5,10,10,10,10,10,10,10,15,15,15,15,15,15,15,14,3,2
4,623,1,10,1,0,23,6,5,1,0,1,1,1,4,1,6,8,2,9,0,10,2,15,15,0,16,18,0,20,0,18,1,2
3,618,1,10,1,1,18,6,5,1,0,0,0,0,0,0,0,5,5,5,0,5,5,5,5,4,3,2,1,0,0,17,0,2
1,608,1,10,3,1,8,6,5,1,0,0,0,1,2,2,3,3,4,4,5,6,6,7,7,8,8,9,10,10,10,2,1,2
1,605,1,10,1,1,5,6,5,1,0,1,2,4,5,6,7,8,9,10,11,12,14,15,16,17,18,18,19,20,20,20,1,2
1,608,1,1,6,2,8,6,6,5,0,0,0,1,2,2,3,3,4,4,5,6,6,7,7,8,8,9,10,10,10,2,3,1
4,623,1,1,15,15,23,6,6,1,0,1,1,1,4,1,6,8,2,9,0,10,2,15,15,0,16,18,0,20,0,18,0,1
2,624,1,1,2,0,24,6,6,6,0,0,0,0,0,0,0,0,0,0,0,0,0,0,0,0,0,0,0,0,0,5,0,1
1,609,1,1,10,0,9,6,6,6,0,1,2,3,4,5,6,7,8,9,10,11,12,13,14,15,16,17,18,19,20,0,10,1
4,611,1,2,11,6,11,6,6,7,0,1,1,6,5,5,1,9,10,6,10,13,9,10,4,10,5,7,5,10,0,7,13,1
3,610,1,2,10,10,10,6,6,5,0,1,0,0,0,0,0,0,0,0,0,0,0,0,0,0,0,0,0,0,0,20,0,1
1,622,1,2,8,2,22,6,6,8,0,1,1,1,1,1,1,1,1,1,1,1,1,1,1,2,2,2,2,2,2,10,1,1
1,607,1,2,8,8,7,6,6,6,0,1,2,3,4,5,6,7,8,9,10,11,12,13,14,15,16,17,18,19,20,8,8,1
2,624,1,3,2,0,24,6,6,4,0,0,0,0,0,0,0,0,0,0,0,0,0,0,0,0,0,0,0,0,0,5,0,1
3,603,1,3,9,7,3,6,6,2,0,0,0,0,4,6,6,9,6,6,0,1,1,1,0,0,0,0,0,0,0,8,6,1
2,614,1,3,5,0,14,6,6,4,0,0,0,0,0,0,0,0,0,0,0,0,0,0,0,0,0,0,0,0,0,0,0,1
3,618,1,3,8,5,18,6,6,2,0,0,0,0,0,0,0,5,5,5,0,5,5,5,5,4,3,2,1,0,0,17,5,1
2,613,1,4,1,0,13,6,6,6,0,0,0,0,0,0,0,0,0,0,0,0,0,0,0,0,0,0,0,0,0,3,0,1
1,604,1,4,7,3,4,6,6,5,0,0,0,0,0,0,0,1,1,1,1,1,1,1,1,1,1,1,1,1,1,5,1,1
1,620,1,4,4,6,20,6,6,4,0,0,0,0,1,2,2,3,3,3,4,4,4,4,5,5,5,6,6,6,7,10,1,1
1,612,1,4,7,10,12,6,6,3,0,1,2,3,4,5,6,7,8,9,10,11,11,12,12,13,14,15,16,17,17,17,7,1
1,607,1,5,5,8,7,6,6,1,0,1,2,3,4,5,6,7,8,9,10,11,12,13,14,15,16,17,18,19,20,8,5,1
2,614,1,5,4,0,14,6,6,4,0,0,0,0,0,0,0,0,0,0,0,0,0,0,0,0,0,0,0,0,0,0,0,1
1,609,1,5,5,0,9,6,6,4,0,1,2,3,4,5,6,7,8,9,10,11,12,13,14,15,16,17,18,19,20,0,5,1
4,611,1,5,1,3,11,6,6,3,0,1,1,6,5,5,1,9,10,6,10,13,9,10,4,10,5,7,5,10,0,7,1,1
1,605,1,6,9,10,5,6,6,1,0,1,2,4,5,6,7,8,9,10,11,12,14,15,16,17,18,18,19,20,20,20,10,2
4,611,1,6,5,2,11,6,6,4,0,1,1,6,5,5,1,9,10,6,10,13,9,10,4,10,5,7,5,10,0,7,5,2
2,624,1,6,3,0,24,6,6,4,0,0,0,0,0,0,0,0,0,0,0,0,0,0,0,0,0,0,0,0,0,5,0,2
1,608,1,6,2,1,8,6,6,4,0,0,0,1,2,2,3,3,4,4,5,6,6,7,7,8,8,9,10,10,10,2,0,2
3,603,1,7,5,3,3,6,6,1,0,0,0,0,4,6,6,9,6,6,0,1,1,1,0,0,0,0,0,0,0,8,6,2
4,616,1,7,3,0,16,6,6,2,20,20,20,20,20,20,20,20,20,20,20,20,20,20,20,20,20,20,20,20,20,0,20,2
4,623,1,7,5,0,23,6,6,2,0,1,1,1,4,1,6,8,2,9,0,10,2,15,15,0,16,18,0,20,0,18,1,2
4,611,1,7,5,4,11,6,6,1,0,1,1,6,5,5,1,9,10,6,10,13,9,10,4,10,5,7,5,10,0,7,5,2
1,607,1,8,4,4,7,6,6,0,0,1,2,3,4,5,6,7,8,9,10,11,12,13,14,15,16,17,18,19,20,8,4,2
1,619,1,8,3,0,19,6,6,2,0,0,0,0,0,1,2,3,4,5,5,6,6,7,7,8,8,9,9,10,10,20,0,2
2,624,1,8,1,0,24,6,6,2,0,0,0,0,0,0,0,0,0,0,0,0,0,0,0,0,0,0,0,0,0,5,0,2
1,622,1,8,4,1,22,6,6,1,0,1,1,1,1,1,1,1,1,1,1,1,1,1,1,2,2,2,2,2,2,10,1,2
4,616,1,9,3,0,16,6,6,2,20,20,20,20,20,20,20,20,20,20,20,20,20,20,20,20,20,20,20,20,20,0,20,2
4,611,1,9,3,1,11,6,6,2,0,1,1,6,5,5,1,9,10,6,10,13,9,10,4,10,5,7,5,10,0,7,6,2
4,623,1,9,4,2,23,6,6,1,0,1,1,1,4,1,6,8,2,9,0,10,2,15,15,0,16,18,0,20,0,18,4,2
1,615,1,9,4,3,15,6,6,1,0,1,2,3,4,5,6,7,8,9,5,5,5,5,5,5,5,5,10,10,10,10,4,2
1,602,1,10,0,0,2,6,6,2,0,0,2,2,2,2,4,4,4,6,10,6,7,7,6,5,3,5,17,18,20,12,0,2
1,622,1,10,2,1,22,6,6,2,0,1,1,1,1,1,1,1,1,1,1,1,1,1,1,2,2,2,2,2,2,10,1,2
3,601,1,10,0,0,1,6,6,2,0,1,2,3,4,5,6,7,8,9,10,10,10,10,10,10,10,10,10,5,0,5,0,2
3,603,1,10,8,6,3,6,6,0,0,0,0,0,4,6,6,9,6,6,0,1,1,1,0,0,0,0,0,0,0,8,6,2
